Datum,Tijd,Product,ISIN,Beurs,Uitvoeringsplaats,Aantal,Koers,,Lokale waarde,,Waarde EUR,Wisselkoers,AutoFX Kosten,Transactiekosten en/of kosten van derden EUR,Totaal EUR,Order ID,
26-06-2026,15:28,ODAX P22000.00 17JUL26,DE000F3MGG77,ERX,XEUR,1,"20,5000",EUR,"-102,50",EUR,"-102,50",,"0,00","-0,75","-103,25",,56962189-9db5-48c8-8216-b1bc5c835e19
26-06-2026,15:28,ODAX P22500.00 17JUL26,DE000F3K3NW9,ERX,XEUR,-1,"30,5000",EUR,"152,50",EUR,"152,50",,"0,00","-0,75","151,75",,4f95fee5-e6f7-4b4c-9195-a0da6e73a128
24-06-2026,14:31,ODAX P22500.00 21AUG26,DE000F3P0YU1,ERX,XEUR,-1,"133,5000",EUR,"667,50",EUR,"667,50",,"0,00","-0,75","666,75",,d64cc770-8944-466c-b8bd-f8d54a09a6cc
24-06-2026,14:30,ODAX P22000.00 21AUG26,DE000F3P0X82,ERX,XEUR,1,"100,5000",EUR,"-502,50",EUR,"-502,50",,"0,00","-0,75","-503,25",,b7fdb1a8-2a2a-4066-814c-780c4480d121
24-06-2026,10:00,ODAX C25500.00 17JUL26,DE000F3K3UJ1,ERX,XEUR,-1,"105,0000",EUR,"525,00",EUR,"525,00",,"0,00","-0,75","524,25",,60fae64e-b8ac-49a9-b2ed-7c681336b1fa
24-06-2026,10:00,ODAX C25000.00 17JUL26,DE000F3K3TN5,ERX,XEUR,1,"266,0000",EUR,"-1330,00",EUR,"-1330,00",,"0,00","-0,75","-1330,75",,38777421-8e9e-4492-b164-f2eaab3051bc
24-06-2026,10:00,ODAX C25500.00 17JUL26,DE000F3K3UJ1,ERX,XEUR,-3,"105,0000",EUR,"1575,00",EUR,"1575,00",,"0,00","-2,25","1572,75",,29b8a888-965a-48e0-9d68-bf8509e60011
24-06-2026,09:59,ODAX C25750.00 17JUL26,DE000F3K3UU8,ERX,XEUR,3,"60,0000",EUR,"-900,00",EUR,"-900,00",,"0,00","-2,25","-902,25",,7439cde4-7b91-4f42-8efa-31ac26ee10b8
23-06-2026,10:42,ODAX P22000.00 17JUL26,DE000F3MGG77,ERX,XEUR,1,"22,0000",EUR,"-110,00",EUR,"-110,00",,"0,00","-0,75","-110,75",,462965e4-7329-4fbd-8665-a154b42ee0c2
23-06-2026,10:42,ODAX P22500.00 17JUL26,DE000F3K3NW9,ERX,XEUR,-1,"31,5000",EUR,"157,50",EUR,"157,50",,"0,00","-0,75","156,75",,0c1648bb-f85b-4677-bb12-24dac318e755
23-06-2026,10:23,ODAX P24000.00 17JUL26,DE000F3K3RC2,ERX,XEUR,1,"159,5000",EUR,"-797,50",EUR,"-797,50",,"0,00","-0,75","-798,25",,024aa38b-127f-48ca-99ae-0c32c0069436
23-06-2026,10:23,ODAX P23750.00 17JUL26,DE000F3K3QR2,ERX,XEUR,-1,"119,0000",EUR,"595,00",EUR,"595,00",,"0,00","-0,75","594,25",,46e74384-59e6-44cf-8384-c5fe6c81649f
23-06-2026,09:45,ODAX P24250.00 17JUL26,DE000F3K3RY6,ERX,XEUR,-1,"184,0000",EUR,"920,00",EUR,"920,00",,"0,00","-0,75","919,25",,27139a5a-a299-48e7-996b-f92a0a7ecb36
23-06-2026,09:45,ODAX P24000.00 21AUG26,DE000F3P0047,ERX,XEUR,1,"328,0000",EUR,"-1640,00",EUR,"-1640,00",,"0,00","-0,75","-1640,75",,cfdfbe6d-d619-4f2b-baec-b266d123f966
23-06-2026,09:44,ODAX P24000.00 17JUL26,DE000F3K3RC2,ERX,XEUR,1,"137,0000",EUR,"-685,00",EUR,"-685,00",,"0,00","-0,75","-685,75",0de94f1c-11d4-49bb-a1b3-258e0b1028d1
23-06-2026,09:43,ODAX P24000.00 21AUG26,DE000F3P0047,ERX,XEUR,-1,"325,0000",EUR,"1625,00",EUR,"1625,00",,"0,00","-0,75","1624,25",82ca9180-810a-43f0-8fb3-768b382104cb
23-06-2026,09:40,ODAX P22000.00 17JUL26,DE000F3MGG77,ERX,XEUR,2,"21,0000",EUR,"-210,00",EUR,"-210,00",,"0,00","-1,50","-211,50",0bfedeef-d6e7-4a1b-b90e-ecd6c6e6599e
23-06-2026,09:40,ODAX P22500.00 17JUL26,DE000F3K3NW9,ERX,XEUR,-2,"29,0000",EUR,"290,00",EUR,"290,00",,"0,00","-1,50","288,50",bffb4ba1-670d-4e50-9379-b0b6ecf9ac53
22-06-2026,10:13,ODAX P23000.00 21AUG26,DE000F3P0ZE2,ERX,XEUR,-2,"144,0000",EUR,"1440,00",EUR,"1440,00",,"0,00","-1,50","1438,50",234edc7d-6cab-47d5-afa5-d25a5279c5e5
22-06-2026,10:13,ODAX P22500.00 21AUG26,DE000F3P0YU1,ERX,XEUR,3,"107,5000",EUR,"-1612,50",EUR,"-1612,50",,"0,00","-2,25","-1614,75",ad15ee23-201c-4a54-b9c2-55392bd551ad
22-06-2026,10:12,ODAX P23000.00 21AUG26,DE000F3P0ZE2,ERX,XEUR,-2,"144,0000",EUR,"1440,00",EUR,"1440,00",,"0,00","-1,50","1438,50",60d8ecc5-093e-40f8-892a-2c0477c79289
22-06-2026,10:12,ODAX P24000.00 21AUG26,DE000F3P0047,ERX,XEUR,1,"282,0000",EUR,"-1410,00",EUR,"-1410,00",,"0,00","-0,75","-1410,75",45dbe8a1-9443-4382-aa90-033c56262407
19-06-2026,13:48,SAP C160.00 17JUL26,DE000F3K7M89,ERX,XEUR,1,"0,5000",EUR,"-50,00",EUR,"-50,00",,"0,00","-0,75","-50,75",df38cb61-9dae-4c3a-944d-338d7fba63dd
19-06-2026,13:47,SAP C154.00 17JUL26,DE000F3K7M22,ERX,XEUR,-1,"0,7800",EUR,"78,00",EUR,"78,00",,"0,00","-0,75","77,25",409aa174-e53d-4c9d-a694-9c5a277c2ad4
19-06-2026,13:36,ODAX C25250.00 19JUN26,DE000F3HWML8,ERX,,-2,"0,0000",EUR,"0,00",EUR,"0,00",,"0,00",,"0,00",
19-06-2026,10:43,ODAX C25250.00 19JUN26,DE000F3HWML8,ERX,XEUR,1,"2,3000",EUR,"-11,50",EUR,"-11,50",,"0,00","-0,75","-12,25",6586b00e-f095-4d8a-a65b-a4654ee5584b
19-06-2026,10:03,ODAX C25250.00 19JUN26,DE000F3HWML8,ERX,XEUR,1,"6,2000",EUR,"-31,00",EUR,"-31,00",,"0,00","-0,75","-31,75",920a2171-a692-4a3e-bc72-cb0da182b714
19-06-2026,09:50,ODAX C25100.00 19JUN26,DE000F12Q429,ERX,XEUR,-1,"62,0000",EUR,"310,00",EUR,"310,00",,"0,00","-0,75","309,25",e35024a9-6a99-4bc7-8e7b-2507ecfcbab2
19-06-2026,09:15,ODAX C25250.00 19JUN26,DE000F3HWML8,ERX,XEUR,1,"3,1000",EUR,"-15,50",EUR,"-15,50",,"0,00","-0,75","-16,25",10f0032f-626e-44d6-91bd-8352327cb880
18-06-2026,13:29,ODAX C25250.00 19JUN26,DE000F3HWML8,ERX,XEUR,-2,"11,0000",EUR,"110,00",EUR,"110,00",,"0,00","-1,50","108,50",a27b7090-28a9-40a0-a925-ee55154ff7a8
18-06-2026,13:28,ODAX C25100.00 19JUN26,DE000F12Q429,ERX,XEUR,1,"30,0000",EUR,"-150,00",EUR,"-150,00",,"0,00","-0,75","-150,75",12b2baf2-9c82-41ee-9c0f-c3441c735093
18-06-2026,13:27,ODAX C25400.00 19JUN26,DE000F1NG3Y4,ERX,XEUR,1,"5,4000",EUR,"-27,00",EUR,"-27,00",,"0,00","-0,75","-27,75",ba13e257-815b-4d56-aa2a-9e74a6eebd7c
18-06-2026,09:54,SAP C154.00 17JUL26,DE000F3K7M22,ERX,XEUR,1,"1,4000",EUR,"-140,00",EUR,"-140,00",,"0,00","-0,75","-140,75",366a14c5-9717-43d8-9fe9-619fdc46d12d
18-06-2026,09:50,SAP C160.00 17JUL26,DE000F3K7M89,ERX,XEUR,-1,"0,6200",EUR,"62,00",EUR,"62,00",,"0,00","-0,75","61,25",39e3e41c-8a76-42b7-8cd4-f9d959e5a0ed
17-06-2026,15:57,ODAX C25400.00 19JUN26,DE000F1NG3Y4,ERX,XEUR,-1,"7,0000",EUR,"35,00",EUR,"35,00",,"0,00","-0,75","34,25",785e0123-8765-4830-8a60-1b316bfedcce
17-06-2026,15:57,ODAX C25250.00 19JUN26,DE000F3HWML8,ERX,XEUR,1,"14,0000",EUR,"-70,00",EUR,"-70,00",,"0,00","-0,75","-70,75",c88bebd1-6922-4432-8ea5-393367ad934a
17-06-2026,13:38,ODAX P22500.00 17JUL26,DE000F3K3NW9,ERX,XEUR,-2,"29,0000",EUR,"290,00",EUR,"290,00",,"0,00","-1,50","288,50",3533ff69-daf2-45dd-aa70-15486b64b641
17-06-2026,13:34,ODAX P23000.00 17JUL26,DE000F3K3PG7,ERX,XEUR,2,"45,0000",EUR,"-450,00",EUR,"-450,00",,"0,00","-1,50","-451,50",56fd00b7-2b1e-406e-b0b8-94c1a12b5a92
17-06-2026,10:42,ODAX P22500.00 17JUL26,DE000F3K3NW9,ERX,XEUR,-2,"32,0000",EUR,"320,00",EUR,"320,00",,"0,00","-1,50","318,50",f126ae51-13f4-429e-9989-d6f12ffcc078
17-06-2026,10:42,ODAX P23000.00 17JUL26,DE000F3K3PG7,ERX,XEUR,1,"51,5000",EUR,"-257,50",EUR,"-257,50",,"0,00","-0,75","-258,25",b96f3d83-ba4d-43e1-bf45-2b414c8cf95a
17-06-2026,10:42,ODAX P23000.00 17JUL26,DE000F3K3PG7,ERX,XEUR,1,"51,5000",EUR,"-257,50",EUR,"-257,50",,"0,00","-0,75","-258,25",b96f3d83-ba4d-43e1-bf45-2b414c8cf95a
17-06-2026,09:57,ODAX C25000.00 19JUN26,DE000F1NG3U2,ERX,XEUR,-1,"58,0000",EUR,"290,00",EUR,"290,00",,"0,00","-0,75","289,25",51f6e998-193c-4239-9c2f-7e8cfa704862
17-06-2026,09:57,ODAX C24500.00 19JUN26,DE000F1031B8,ERX,XEUR,-1,"376,0000",EUR,"1880,00",EUR,"1880,00",,"0,00","-0,75","1879,25",044c53ed-f419-4e40-9ad1-a7ddf890a2b4
17-06-2026,09:56,ODAX C24750.00 19JUN26,DE000F3FF7W8,ERX,XEUR,2,"185,0000",EUR,"-1850,00",EUR,"-1850,00",,"0,00","-1,50","-1851,50",3de04b4a-46f9-4288-a44d-ff5b0dc4269b
16-06-2026,11:33,ODAX P23750.00 17JUL26,DE000F3K3QR2,ERX,XEUR,1,"93,0000",EUR,"-465,00",EUR,"-465,00",,"0,00","-0,75","-465,75",9783ef00-09e5-4274-a2e2-c4125927fafc
16-06-2026,11:33,ODAX P24000.00 17JUL26,DE000F3K3RC2,ERX,XEUR,-2,"120,5000",EUR,"1205,00",EUR,"1205,00",,"0,00","-1,50","1203,50",b3f352c8-157c-4cce-a62b-3c9f32b4979f
16-06-2026,11:32,ODAX P23500.00 17JUL26,DE000F3K3P56,ERX,XEUR,1,"71,5000",EUR,"-357,50",EUR,"-357,50",,"0,00","-0,75","-358,25",4b892245-9969-4b88-88ec-97959db6de58
16-06-2026,11:20,ODAX P24000.00 17JUL26,DE000F3K3RC2,ERX,XEUR,-1,"122,0000",EUR,"610,00",EUR,"610,00",,"0,00","-0,75","609,25",258883b0-3b7e-43e9-9ff5-a8ca03a1b99b
16-06-2026,11:20,ODAX P24250.00 17JUL26,DE000F3K3RY6,ERX,XEUR,1,"161,0000",EUR,"-805,00",EUR,"-805,00",,"0,00","-0,75","-805,75",bc31f8a5-0c11-42dc-be7c-8ec5828e5859
15-06-2026,16:20,ODAX C25000.00 19JUN26,DE000F1NG3U2,ERX,XEUR,-2,"126,5000",EUR,"1265,00",EUR,"1265,00",,"0,00","-1,50","1263,50",c8a710ef-2ec8-4692-a39c-d6077c74004e
15-06-2026,16:19,ODAX C24750.00 19JUN26,DE000F3FF7W8,ERX,XEUR,1,"273,0000",EUR,"-1365,00",EUR,"-1365,00",,"0,00","-0,75","-1365,75",26447d79-51ea-4f35-b270-773cee6fc4fd
15-06-2026,13:03,ODAX C24750.00 19JUN26,DE000F3FF7W8,ERX,XEUR,-1,"307,0000",EUR,"1535,00",EUR,"1535,00",,"0,00","-0,75","1534,25",62088a72-e725-4eb5-bab5-4b05f55de37b
15-06-2026,13:03,ODAX C25000.00 19JUN26,DE000F1NG3U2,ERX,XEUR,2,"154,0000",EUR,"-1540,00",EUR,"-1540,00",,"0,00","-1,50","-1541,50",5c05d654-9d3c-483e-a242-725f15a35bc6
15-06-2026,11:56,ODAX P23500.00 17JUL26,DE000F3K3P56,ERX,XEUR,-1,"106,0000",EUR,"530,00",EUR,"530,00",,"0,00","-0,75","529,25",d073120a-d54b-49cf-aaaf-9e0ccea7246e
15-06-2026,11:56,ODAX P24000.00 17JUL26,DE000F3K3RC2,ERX,XEUR,1,"173,5000",EUR,"-867,50",EUR,"-867,50",,"0,00","-0,75","-868,25",4ba739d8-1982-43ed-acc2-0af2f0aed327
15-06-2026,11:43,ODAX C24500.00 19JUN26,DE000F1031B8,ERX,XEUR,-1,"478,0000",EUR,"2390,00",EUR,"2390,00",,"0,00","-0,75","2389,25",d5daccc8-f04d-4815-9086-f96707966e58
15-06-2026,11:42,ODAX C25000.00 19JUN26,DE000F1NG3U2,ERX,XEUR,-6,"143,5000",EUR,"4305,00",EUR,"4305,00",,"0,00","-4,50","4300,50",81b3c619-6230-4868-9e1c-3d87b513deb8
15-06-2026,11:41,ODAX C24750.00 19JUN26,DE000F3FF7W8,ERX,XEUR,4,"292,0000",EUR,"-5840,00",EUR,"-5840,00",,"0,00","-3,00","-5843,00",d696a8a3-a27a-4b88-8f89-cf60d98d67de
12-06-2026,14:54,ODAX C24750.00 19JUN26,DE000F3FF7W8,ERX,XEUR,-1,"130,0000",EUR,"650,00",EUR,"650,00",,"0,00","-0,75","649,25",c580a98c-62c0-49bc-8391-19aa317e3353
12-06-2026,14:49,ODAX C25000.00 19JUN26,DE000F1NG3U2,ERX,XEUR,2,"64,0000",EUR,"-640,00",EUR,"-640,00",,"0,00","-1,50","-641,50",9d56cfcc-1330-499c-b9ea-4ac606600395
12-06-2026,10:44,ODAX C24750.00 19JUN26,DE000F3FF7W8,ERX,XEUR,-1,"194,0000",EUR,"970,00",EUR,"970,00",,"0,00","-0,75","969,25",97ff9131-629f-47a2-834e-b77329e76f49
12-06-2026,10:44,ODAX C25000.00 19JUN26,DE000F1NG3U2,ERX,XEUR,2,"103,0000",EUR,"-1030,00",EUR,"-1030,00",,"0,00","-1,50","-1031,50",30750e16-c69b-4d58-bc60-4fbe088467cd
11-06-2026,16:28,ODAX C25000.00 19JUN26,DE000F1NG3U2,ERX,XEUR,1,"43,0000",EUR,"-215,00",EUR,"-215,00",,"0,00","-0,75","-215,75",24bdb8e3-814f-461f-b522-2f322ccdde48
11-06-2026,10:27,ODAX C24750.00 19JUN26,DE000F3FF7W8,ERX,XEUR,-2,"87,0000",EUR,"870,00",EUR,"870,00",,"0,00","-1,50","868,50",8238f83b-36c2-451d-bb9a-2bd646b0cee6
11-06-2026,10:27,ODAX C24500.00 19JUN26,DE000F1031B8,ERX,XEUR,1,"164,5000",EUR,"-822,50",EUR,"-822,50",,"0,00","-0,75","-823,25",7c6bacc6-e99f-49e6-aa88-55c683c9e36c
11-06-2026,09:44,ODAX C25000.00 19JUN26,DE000F1NG3U2,ERX,XEUR,1,"43,0000",EUR,"-215,00",EUR,"-215,00",,"0,00","-0,75","-215,75",8945f9f8-c03c-4173-9aae-727cdaaca570
11-06-2026,09:28,ODAX P24000.00 17JUL26,DE000F3K3RC2,ERX,XEUR,-1,"457,0000",EUR,"2285,00",EUR,"2285,00",,"0,00","-0,75","2284,25",44049f36-c4de-468d-9338-53773d648838
11-06-2026,09:27,ODAX P23500.00 17JUL26,DE000F3K3P56,ERX,XEUR,1,"306,0000",EUR,"-1530,00",EUR,"-1530,00",,"0,00","-0,75","-1530,75",cc280fee-73c0-4d47-b925-2cd5971ee241
11-06-2026,09:24,ODAX C25000.00 19JUN26,DE000F1NG3U2,ERX,XEUR,1,"41,5000",EUR,"-207,50",EUR,"-207,50",,"0,00","-0,75","-208,25",68c36e66-926f-4b8e-8bb8-b916d9c82ca1
11-06-2026,09:23,ODAX C24750.00 19JUN26,DE000F3FF7W8,ERX,XEUR,-2,"86,5000",EUR,"865,00",EUR,"865,00",,"0,00","-1,50","863,50",ffa1e92f-ddd0-45e9-a070-1fed1dd71447
11-06-2026,09:23,ODAX C24500.00 19JUN26,DE000F1031B8,ERX,XEUR,1,"163,0000",EUR,"-815,00",EUR,"-815,00",,"0,00","-0,75","-815,75",59a40993-8898-4335-a81d-7112380f9b8d
10-06-2026,16:23,ODAX P23500.00 17JUL26,DE000F3K3P56,ERX,XEUR,-1,"281,0000",EUR,"1405,00",EUR,"1405,00",,"0,00","-0,75","1404,25",840d8f84-3c79-45ac-b202-32277cb283e0
10-06-2026,16:22,ODAX P24000.00 17JUL26,DE000F3K3RC2,ERX,XEUR,1,"420,0000",EUR,"-2100,00",EUR,"-2100,00",,"0,00","-0,75","-2100,75",0da35bf6-a709-4d75-aae8-32c732cb8c4a
10-06-2026,15:33,ODAX C24750.00 19JUN26,DE000F3FF7W8,ERX,XEUR,1,"111,0000",EUR,"-555,00",EUR,"-555,00",,"0,00","-0,75","-555,75",9d726ce2-1398-4769-891c-de1c84607c29
10-06-2026,15:33,ODAX C24500.00 19JUN26,DE000F1031B8,ERX,XEUR,-1,"197,0000",EUR,"985,00",EUR,"985,00",,"0,00","-0,75","984,25",22fdfd69-a10f-492d-bb3e-4ddccff8e07c
10-06-2026,14:34,ODAX P23500.00 17JUL26,DE000F3K3P56,ERX,XEUR,1,"294,0000",EUR,"-1470,00",EUR,"-1470,00",,"0,00","-0,75","-1470,75",bac7b0a9-c9ba-4414-9ebb-149dcf1cff15
10-06-2026,14:34,ODAX P24000.00 17JUL26,DE000F3K3RC2,ERX,XEUR,-1,"430,0000",EUR,"2150,00",EUR,"2150,00",,"0,00","-0,75","2149,25",7a0fc0e7-c9c7-4189-b8c7-f074f6ad5715
10-06-2026,14:17,ODAX C24750.00 19JUN26,DE000F3FF7W8,ERX,XEUR,-1,"112,0000",EUR,"560,00",EUR,"560,00",,"0,00","-0,75","559,25",854bbf8b-06d3-4d28-958a-5c8a790e26fe
10-06-2026,14:17,ODAX C24500.00 19JUN26,DE000F1031B8,ERX,XEUR,1,"197,0000",EUR,"-985,00",EUR,"-985,00",,"0,00","-0,75","-985,75",2d6b9dc4-746b-4253-a8e6-4765ad5e1a92
10-06-2026,12:05,ODAX C25100.00 19JUN26,DE000F12Q429,ERX,XEUR,1,"45,0000",EUR,"-225,00",EUR,"-225,00",,"0,00","-0,75","-225,75",1633f39c-e0f7-4888-bcba-51c6dd144753
10-06-2026,12:05,ODAX C24500.00 19JUN26,DE000F1031B8,ERX,XEUR,-1,"207,0000",EUR,"1035,00",EUR,"1035,00",,"0,00","-0,75","1034,25",bf5a536d-f1e4-4eeb-8356-3f6133f87178
10-06-2026,12:03,ODAX C24750.00 19JUN26,DE000F3FF7W8,ERX,XEUR,-1,"118,0000",EUR,"590,00",EUR,"590,00",,"0,00","-0,75","589,25",ca77d776-95f3-4461-8fea-5135230fdebe
10-06-2026,12:02,ODAX C24500.00 19JUN26,DE000F1031B8,ERX,XEUR,1,"213,0000",EUR,"-1065,00",EUR,"-1065,00",,"0,00","-0,75","-1065,75",5040ff09-ed2a-4a7f-b5dd-3df329f00d92
10-06-2026,11:50,ODAX C24500.00 19JUN26,DE000F1031B8,ERX,XEUR,1,"213,0000",EUR,"-1065,00",EUR,"-1065,00",,"0,00","-0,75","-1065,75",a086a021-8871-445a-8544-8525a9b72450
10-06-2026,11:49,ODAX C24500.00 19JUN26,DE000F1031B8,ERX,XEUR,-1,"213,0000",EUR,"1065,00",EUR,"1065,00",,"0,00","-0,75","1064,25",74fb7311-30ef-4b07-af32-9d5b298cfc1e
10-06-2026,10:03,ODAX C25550.00 19JUN26,DE000F3JL387,ERX,XEUR,-2,"15,3000",EUR,"153,00",EUR,"153,00",,"0,00","-1,50","151,50",2576b2b1-0240-4359-abe0-a7a832bd4161
10-06-2026,10:01,ODAX C25400.00 19JUN26,DE000F1NG3Y4,ERX,XEUR,2,"28,0000",EUR,"-280,00",EUR,"-280,00",,"0,00","-1,50","-281,50",8b418f96-b408-432f-bf69-b5583a5391b4
10-06-2026,09:48,ODAX C25550.00 19JUN26,DE000F3JL387,ERX,XEUR,1,"17,5000",EUR,"-87,50",EUR,"-87,50",,"0,00","-0,75","-88,25",c81f1769-bee7-44c2-b16d-254f118581c6
10-06-2026,09:23,ODAX C25100.00 19JUN26,DE000F12Q429,ERX,XEUR,-1,"70,0000",EUR,"350,00",EUR,"350,00",,"0,00","-0,75","349,25",493c34a5-b229-401a-a33a-ea4e1f32b9ac
10-06-2026,09:20,ODAX C25100.00 19JUN26,DE000F12Q429,ERX,XEUR,-1,"70,0000",EUR,"350,00",EUR,"350,00",,"0,00","-0,75","349,25",0fc82de3-c875-4b6d-97c2-45a167a749fe
10-06-2026,09:20,ODAX C24750.00 19JUN26,DE000F3FF7W8,ERX,XEUR,1,"172,5000",EUR,"-862,50",EUR,"-862,50",,"0,00","-0,75","-863,25",6e5a5fc5-1c8f-4bd5-87bb-8b856e6c8bc2
09-06-2026,14:54,ODAX P23500.00 17JUL26,DE000F3K3P56,ERX,XEUR,-1,"177,0000",EUR,"885,00",EUR,"885,00",,"0,00","-0,75","884,25",f6314cb1-8cc0-469a-b7a9-60eb51c74f3f
09-06-2026,14:53,ODAX P24000.00 17JUL26,DE000F3K3RC2,ERX,XEUR,1,"274,0000",EUR,"-1370,00",EUR,"-1370,00",,"0,00","-0,75","-1370,75",8e844d30-b004-49af-bbc0-3a5412ad0bd9
09-06-2026,14:41,ODAX P22500.00 17JUL26,DE000F3K3NW9,ERX,XEUR,1,"78,5000",EUR,"-392,50",EUR,"-392,50",,"0,00","-0,75","-393,25",714371f8-a319-478c-b74d-0ebe00540599
09-06-2026,14:36,ODAX P24000.00 17JUL26,DE000F3K3RC2,ERX,XEUR,-1,"267,0000",EUR,"1335,00",EUR,"1335,00",,"0,00","-0,75","1334,25",a987292f-5317-4665-b884-789659138815
09-06-2026,13:38,ODAX P22500.00 17JUL26,DE000F3K3NW9,ERX,XEUR,-1,"77,0000",EUR,"385,00",EUR,"385,00",,"0,00","-0,75","384,25",6ed46446-4d99-4d2d-9020-75ed30022ebd
09-06-2026,13:38,ODAX P24000.00 17JUL26,DE000F3K3RC2,ERX,XEUR,1,"267,0000",EUR,"-1335,00",EUR,"-1335,00",,"0,00","-0,75","-1335,75",4b0296a2-8420-4c52-b281-dbdf6aa51ad6
09-06-2026,13:10,ODAX C25400.00 19JUN26,DE000F1NG3Y4,ERX,XEUR,-1,"72,5000",EUR,"362,50",EUR,"362,50",,"0,00","-0,75","361,75",5d02a910-d4d9-4018-95c8-57e1741d8362
09-06-2026,13:09,ODAX C25550.00 19JUN26,DE000F3JL387,ERX,XEUR,1,"49,0000",EUR,"-245,00",EUR,"-245,00",,"0,00","-0,75","-245,75",20eedccd-9a37-4e94-a4fc-5e2e6b034dd8
09-06-2026,09:24,ODAX C25400.00 19JUN26,DE000F1NG3Y4,ERX,XEUR,-1,"40,5000",EUR,"202,50",EUR,"202,50",,"0,00","-0,75","201,75",549e93fc-147a-49bf-b773-3bfce0968217
08-06-2026,14:37,ODAX C26000.00 19JUN26,DE000F1NG342,ERX,XEUR,-1,"10,5000",EUR,"52,50",EUR,"52,50",,"0,00","-0,75","51,75",4ef163d6-edd1-41ab-b540-308372447259
08-06-2026,14:37,ODAX C25700.00 19JUN26,DE000F2JPFC3,ERX,XEUR,1,"29,0000",EUR,"-145,00",EUR,"-145,00",,"0,00","-0,75","-145,75",538a983b-6219-452f-8d7f-1a07cc65967d
08-06-2026,14:24,ODAX C25250.00 19JUN26,DE000F3HWML8,ERX,XEUR,-1,"106,0000",EUR,"530,00",EUR,"530,00",,"0,00","-0,75","529,25",f6a9f134-b1e0-4430-aeea-33b16bd24db8
08-06-2026,14:23,ODAX C25100.00 19JUN26,DE000F12Q429,ERX,XEUR,1,"150,0000",EUR,"-750,00",EUR,"-750,00",,"0,00","-0,75","-750,75",60681d25-0011-4a6c-b408-eced72618316
08-06-2026,11:02,ODAX C25700.00 19JUN26,DE000F2JPFC3,ERX,XEUR,1,"23,5000",EUR,"-117,50",EUR,"-117,50",,"0,00","-0,75","-118,25",0fd1c807-d5af-406c-b294-2139d9c13784
08-06-2026,09:28,ODAX P22500.00 17JUL26,DE000F3K3NW9,ERX,XEUR,1,"107,0000",EUR,"-535,00",EUR,"-535,00",,"0,00","-0,75","-535,75",7fcd78eb-ed8d-48ac-9841-011c31bc3696
08-06-2026,09:27,ODAX P22000.00 17JUL26,DE000F3MGG77,ERX,XEUR,-1,"74,0000",EUR,"370,00",EUR,"370,00",,"0,00","-0,75","369,25",87fb8831-65f2-47ef-afea-d6c67e6a64a4
08-06-2026,09:27,ODAX P22500.00 17JUL26,DE000F3K3NW9,ERX,XEUR,1,"106,0000",EUR,"-530,00",EUR,"-530,00",,"0,00","-0,75","-530,75",09ca59d2-0d34-4a6d-a7fc-de325e9061f0
08-06-2026,09:26,ODAX P24000.00 17JUL26,DE000F3K3RC2,ERX,XEUR,-1,"352,0000",EUR,"1760,00",EUR,"1760,00",,"0,00","-0,75","1759,25",6665c4bb-d7f6-4b3e-a94e-c651c42c1fc4
08-06-2026,09:22,ODAX C25400.00 19JUN26,DE000F1NG3Y4,ERX,XEUR,-1,"46,0000",EUR,"230,00",EUR,"230,00",,"0,00","-0,75","229,25",60a10c05-98df-4dcf-919b-ee8e32cbe14c
08-06-2026,09:22,ODAX C25250.00 19JUN26,DE000F3HWML8,ERX,XEUR,1,"70,0000",EUR,"-350,00",EUR,"-350,00",,"0,00","-0,75","-350,75",881536c9-bec4-4ad6-a441-c74fd13da516
03-06-2026,10:59,ODAX C26000.00 19JUN26,DE000F1NG342,ERX,XEUR,1,"37,5000",EUR,"-187,50",EUR,"-187,50",,"0,00","-0,75","-188,25",79753484-5522-4af9-92fb-6c66ba5d89bc
03-06-2026,10:59,ODAX C25700.00 19JUN26,DE000F2JPFC3,ERX,XEUR,-2,"82,0000",EUR,"820,00",EUR,"820,00",,"0,00","-1,50","818,50",7ea712a6-11f3-42f5-939c-c536a53300d4
03-06-2026,10:58,ODAX C25400.00 19JUN26,DE000F1NG3Y4,ERX,XEUR,1,"161,0000",EUR,"-805,00",EUR,"-805,00",,"0,00","-0,75","-805,75",914090d1-9669-4360-af55-f3ede8c221de
01-06-2026,17:17,ODAX P23000.00 19JUN26,DE000F1NG292,ERX,XEUR,1,"36,5000",EUR,"-182,50",EUR,"-182,50",,"0,00","-0,75","-183,25",f7eb90d8-7fbb-462f-92a5-f87dd1be514d
01-06-2026,17:16,ODAX P25000.00 19JUN26,DE000F1NG3V0,ERX,XEUR,-1,"380,0000",EUR,"1900,00",EUR,"1900,00",,"0,00","-0,75","1899,25",cb937cfb-9a11-4a96-a265-5bc7af7f9aa6
01-06-2026,17:15,ODAX C25000.00 19JUN26,DE000F1NG3U2,ERX,XEUR,-1,"390,0000",EUR,"1950,00",EUR,"1950,00",,"0,00","-0,75","1949,25",d961e15b-a3ed-4b3d-b206-0e766dab7f0a
01-06-2026,17:14,ODAX C26300.00 19JUN26,DE000F2MC358,ERX,XEUR,-3,"31,5000",EUR,"472,50",EUR,"472,50",,"0,00","-2,25","470,25",01094590-d1b5-44bb-9193-5f22e996494d
01-06-2026,17:14,ODAX C26000.00 19JUN26,DE000F1NG342,ERX,XEUR,4,"65,5000",EUR,"-1310,00",EUR,"-1310,00",,"0,00","-3,00","-1313,00",0f721495-16f1-4871-a55a-1c8869f5c6c9
01-06-2026,17:01,ODAX C26000.00 19JUN26,DE000F1NG342,ERX,XEUR,-1,"57,0000",EUR,"285,00",EUR,"285,00",,"0,00","-0,75","284,25",387c5377-e15e-4c85-b677-b41eb11229db
01-06-2026,17:00,ODAX C25800.00 19JUN26,DE000F1NG326,ERX,XEUR,1,"90,0000",EUR,"-450,00",EUR,"-450,00",,"0,00","-0,75","-450,75",e5a96fdc-aae3-4168-95ac-d9e3e7f41a28
01-06-2026,15:53,ODAX C25400.00 19JUN26,DE000F1NG3Y4,ERX,XEUR,-1,"204,0000",EUR,"1020,00",EUR,"1020,00",,"0,00","-0,75","1019,25",e073af4c-19aa-4328-80ad-95bfdd6ed01e
01-06-2026,15:51,ODAX C25000.00 19JUN26,DE000F1NG3U2,ERX,XEUR,1,"400,0000",EUR,"-2000,00",EUR,"-2000,00",,"0,00","-0,75","-2000,75",74e7d922-3180-447a-b788-918d1be02dfa
01-06-2026,14:54,ODAX P24750.00 19JUN26,DE000F3FF7Y4,ERX,XEUR,-1,"170,0000",EUR,"850,00",EUR,"850,00",,"0,00","-0,75","849,25",84edfa3c-11bf-4202-a802-38f1c521e717
01-06-2026,14:53,ODAX P25000.00 19JUN26,DE000F1NG3V0,ERX,XEUR,1,"239,0000",EUR,"-1195,00",EUR,"-1195,00",,"0,00","-0,75","-1195,75",4f1a2c12-2e5f-4f38-ae8b-96b73b9dc9e7
01-06-2026,14:42,ODAX C26000.00 19JUN26,DE000F1NG342,ERX,XEUR,-1,"102,0000",EUR,"510,00",EUR,"510,00",,"0,00","-0,75","509,25",72a5b138-d5c9-454a-b7f5-ab060f088c22
01-06-2026,14:41,ODAX C25800.00 19JUN26,DE000F1NG326,ERX,XEUR,1,"154,0000",EUR,"-770,00",EUR,"-770,00",,"0,00","-0,75","-770,75",82fc810b-8f7b-407b-bef9-49d4944fea33
01-06-2026,14:01,ODAX P22500.00 17JUL26,DE000F3K3NW9,ERX,XEUR,1,"70,5000",EUR,"-352,50",EUR,"-352,50",,"0,00","-0,75","-353,25",4f15701a-61b0-4df1-9dea-fc5778273ee3
01-06-2026,14:00,ODAX P23000.00 17JUL26,DE000F3K3PG7,ERX,XEUR,-1,"98,0000",EUR,"490,00",EUR,"490,00",,"0,00","-0,75","489,25",ba974c75-deff-4bc4-974e-99a0f9e28aef
01-06-2026,13:33,ODAX P22000.00 17JUL26,DE000F3MGG77,ERX,XEUR,1,"53,5000",EUR,"-267,50",EUR,"-267,50",,"0,00","-0,75","-268,25",50490b11-8cae-4af9-8f94-6e6b3d108331
01-06-2026,13:32,ODAX P23000.00 17JUL26,DE000F3K3PG7,ERX,XEUR,-1,"100,0000",EUR,"500,00",EUR,"500,00",,"0,00","-0,75","499,25",2490d3b0-f703-45a0-bb03-142ca2f96e42
01-06-2026,13:27,ODAX P22500.00 17JUL26,DE000F3K3NW9,ERX,XEUR,1,"73,0000",EUR,"-365,00",EUR,"-365,00",,"0,00","-0,75","-365,75",00c4709f-91f8-4c67-ab2c-43971f31849c
01-06-2026,13:24,ODAX P23000.00 17JUL26,DE000F3K3PG7,ERX,XEUR,-2,"101,0000",EUR,"1010,00",EUR,"1010,00",,"0,00","-1,50","1008,50",635e4758-0c99-48c5-a3c4-1b377d7a7654
01-06-2026,13:24,ODAX P24000.00 17JUL26,DE000F3K3RC2,ERX,XEUR,1,"213,0000",EUR,"-1065,00",EUR,"-1065,00",,"0,00","-0,75","-1065,75",55321296-ed15-4da9-954c-0703669457b9
01-06-2026,13:18,ODAX C26000.00 19JUN26,DE000F1NG342,ERX,XEUR,-2,"89,0000",EUR,"890,00",EUR,"890,00",,"0,00","-1,50","888,50",f9049498-7d34-4c7c-8d26-27b3d4274507
01-06-2026,13:17,ODAX C25800.00 19JUN26,DE000F1NG326,ERX,XEUR,2,"136,0000",EUR,"-1360,00",EUR,"-1360,00",,"0,00","-1,50","-1361,50",8295034e-7f69-4fa8-bd45-2a3990c62b29
01-06-2026,12:49,ODAX C24750.00 19JUN26,DE000F3FF7W8,ERX,XEUR,-1,"682,0000",EUR,"3410,00",EUR,"3410,00",,"0,00","-0,75","3409,25",d7d6092f-b0ce-4a56-a178-e994a7023e9f
01-06-2026,12:48,ODAX C25400.00 19JUN26,DE000F1NG3Y4,ERX,XEUR,1,"290,0000",EUR,"-1450,00",EUR,"-1450,00",,"0,00","-0,75","-1450,75",3b9fa9e2-2890-4ed5-af35-6a2bb972af77
01-06-2026,09:41,ODAX P22500.00 19JUN26,DE000F1030S4,ERX,XEUR,-1,"17,5000",EUR,"87,50",EUR,"87,50",,"0,00","-0,75","86,75",2673400e-20ca-4e5f-9c8d-059bae45546d
01-06-2026,09:41,ODAX P23000.00 19JUN26,DE000F1NG292,ERX,XEUR,1,"28,5000",EUR,"-142,50",EUR,"-142,50",,"0,00","-0,75","-143,25",25845214-7cee-45ff-9cd4-7fdcf3ece51c
29-05-2026,13:50,ODAX P24500.00 19JUN26,DE000F1031C6,ERX,XEUR,-1,"184,0000",EUR,"920,00",EUR,"920,00",,"0,00","-0,75","919,25",6c64e3bc-ca21-43cb-858d-7b5ed8cbfbad
29-05-2026,13:49,ODAX P24750.00 19JUN26,DE000F3FF7Y4,ERX,XEUR,1,"251,0000",EUR,"-1255,00",EUR,"-1255,00",,"0,00","-0,75","-1255,75",a7e46889-51e1-4046-b7bb-9e209a6dce17
29-05-2026,13:05,ODAX P22000.00 19JUN26,DE000F1NG2Z3,ERX,XEUR,2,"13,0000",EUR,"-130,00",EUR,"-130,00",,"0,00","-1,50","-131,50",5fc71e7c-a068-464f-b508-43d39f428c96
29-05-2026,13:04,ODAX P21500.00 19JUN26,DE000F1030G9,ERX,XEUR,-2,"8,7000",EUR,"87,00",EUR,"87,00",,"0,00","-1,50","85,50",c87838d9-f11d-49dc-923f-a85923de70d4
25-05-2026,13:09,ODAX P22500.00 19JUN26,DE000F1030S4,ERX,XEUR,-1,"35,5000",EUR,"177,50",EUR,"177,50",,"0,00","-0,75","176,75",d0878162-9dab-4fd0-b6d8-a1a1da133fbb
25-05-2026,13:09,ODAX P23000.00 19JUN26,DE000F1NG292,ERX,XEUR,1,"54,5000",EUR,"-272,50",EUR,"-272,50",,"0,00","-0,75","-273,25",1a04f15d-be6a-45ef-9c03-ceea761384bb
25-05-2026,11:46,ODAX P24250.00 19JUN26,DE000F3FF7C0,ERX,XEUR,-1,"170,0000",EUR,"850,00",EUR,"850,00",,"0,00","-0,75","849,25",ff88d543-3a91-42c5-bfee-f468e96f5659
25-05-2026,11:45,ODAX P24500.00 19JUN26,DE000F1031C6,ERX,XEUR,1,"219,0000",EUR,"-1095,00",EUR,"-1095,00",,"0,00","-0,75","-1095,75",f3e21c35-d43d-46c9-8b0a-005a2ba53ae2
22-05-2026,15:01,ODAX C25800.00 19JUN26,DE000F1NG326,ERX,XEUR,-1,"177,5000",EUR,"887,50",EUR,"887,50",,"0,00","-0,75","886,75",dd6600a6-dfcb-4380-9359-04a877628e45
22-05-2026,15:01,ODAX C26300.00 19JUN26,DE000F2MC358,ERX,XEUR,1,"78,0000",EUR,"-390,00",EUR,"-390,00",,"0,00","-0,75","-390,75",b69ddcaa-5e86-44c9-a1b0-8d4c7efec3e4
21-05-2026,14:57,ODAX C25000.00 19JUN26,DE000F1NG3U2,ERX,XEUR,-1,"365,0000",EUR,"1825,00",EUR,"1825,00",,"0,00","-0,75","1824,25",ae947e25-33de-47c5-9f16-e7ec08f1b9ea
21-05-2026,14:57,ODAX C24750.00 19JUN26,DE000F3FF7W8,ERX,XEUR,1,"482,0000",EUR,"-2410,00",EUR,"-2410,00",,"0,00","-0,75","-2410,75",9432d16d-a3f5-4b99-b5f9-6b9cc3bec91d
21-05-2026,11:36,ODAX P21500.00 19JUN26,DE000F1030G9,ERX,XEUR,-1,"31,0000",EUR,"155,00",EUR,"155,00",,"0,00","-0,75","154,25",3978f0cc-f7bb-4f30-9383-ad99b9d1f94a
21-05-2026,11:36,ODAX P22000.00 19JUN26,DE000F1NG2Z3,ERX,XEUR,1,"45,5000",EUR,"-227,50",EUR,"-227,50",,"0,00","-0,75","-228,25",68152726-c7c0-41ad-afc3-00a727a82710
21-05-2026,11:34,ODAX P24000.00 19JUN26,DE000F1NG3K3,ERX,XEUR,-1,"242,0000",EUR,"1210,00",EUR,"1210,00",,"0,00","-0,75","1209,25",d7c34dfc-af3d-4ada-88b2-f6c8ed26fbb9
21-05-2026,11:34,ODAX P24250.00 19JUN26,DE000F3FF7C0,ERX,XEUR,1,"301,0000",EUR,"-1505,00",EUR,"-1505,00",,"0,00","-0,75","-1505,75",f14634d6-0674-4b84-9855-26377c3d7a61
20-05-2026,15:24,ODAX P21500.00 19JUN26,DE000F1030G9,ERX,XEUR,-1,"51,5000",EUR,"257,50",EUR,"257,50",,"0,00","-0,75","256,75",e8cdc919-10e2-4285-8a97-bb670eae1a47
20-05-2026,15:23,ODAX P22000.00 19JUN26,DE000F1NG2Z3,ERX,XEUR,1,"75,0000",EUR,"-375,00",EUR,"-375,00",,"0,00","-0,75","-375,75",ce135707-d901-4ac0-9171-2bc6dccf834c
19-05-2026,13:19,ODAX P21500.00 19JUN26,DE000F1030G9,ERX,XEUR,1,"47,0000",EUR,"-235,00",EUR,"-235,00",,"0,00","-0,75","-235,75",1f1c6aef-4136-41d3-801e-58de367fa3a8
19-05-2026,12:57,ODAX P22500.00 19JUN26,DE000F1030S4,ERX,XEUR,-1,"93,5000",EUR,"467,50",EUR,"467,50",,"0,00","-0,75","466,75",1676d3fb-8f9a-48e8-b6c7-045a2376c97c
19-05-2026,12:57,ODAX P23000.00 19JUN26,DE000F1NG292,ERX,XEUR,1,"139,0000",EUR,"-695,00",EUR,"-695,00",,"0,00","-0,75","-695,75",288209f9-0420-4228-9896-1400ddeed463
19-05-2026,12:57,ODAX C25800.00 19JUN26,DE000F1NG326,ERX,XEUR,-1,"149,0000",EUR,"745,00",EUR,"745,00",,"0,00","-0,75","744,25",ecbfeeb7-0c66-4bb2-a31b-9a0c6217fa0b
19-05-2026,12:56,ODAX C26300.00 19JUN26,DE000F2MC358,ERX,XEUR,1,"67,0000",EUR,"-335,00",EUR,"-335,00",,"0,00","-0,75","-335,75",2d14f514-eb49-4c25-94f1-727f07df859b
15-05-2026,15:11,ODAX C26300.00 19JUN26,DE000F2MC358,ERX,XEUR,-1,"25,0000",EUR,"125,00",EUR,"125,00",,"0,00","-0,75","124,25",8be76df8-694c-44b4-b03d-915e94e0df63
15-05-2026,15:10,ODAX C25800.00 19JUN26,DE000F1NG326,ERX,XEUR,1,"57,5000",EUR,"-287,50",EUR,"-287,50",,"0,00","-0,75","-288,25",ea86075b-e96e-4c4d-a9e3-abea9e05c7d9
15-05-2026,11:10,ODAX P23000.00 19JUN26,DE000F1NG292,ERX,XEUR,-1,"247,0000",EUR,"1235,00",EUR,"1235,00",,"0,00","-0,75","1234,25",2f23f4ff-9c80-4ee2-a1b9-de6fd84fb6c1
15-05-2026,11:10,ODAX P22500.00 19JUN26,DE000F1030S4,ERX,XEUR,1,"168,0000",EUR,"-840,00",EUR,"-840,00",,"0,00","-0,75","-840,75",05e414cf-802d-4d81-b91f-149475da900b
15-05-2026,10:14,ODAX P21500.00 19JUN26,DE000F1030G9,ERX,XEUR,-1,"78,0000",EUR,"390,00",EUR,"390,00",,"0,00","-0,75","389,25",5b72b716-5d87-4249-a4f7-f12a0370b537
13-05-2026,10:56,ODAX P21500.00 19JUN26,DE000F1030G9,ERX,XEUR,1,"85,0000",EUR,"-425,00",EUR,"-425,00",,"0,00","-0,75","-425,75",75f22f4e-adfc-4c21-a45e-09c8b1b81008
12-05-2026,16:07,ODAX C26300.00 19JUN26,DE000F2MC358,ERX,XEUR,-1,"33,5000",EUR,"167,50",EUR,"167,50",,"0,00","-0,75","166,75",0ec06110-2963-4452-ad8c-f2a36f8503ae
12-05-2026,16:06,ODAX C25800.00 19JUN26,DE000F1NG326,ERX,XEUR,1,"73,0000",EUR,"-365,00",EUR,"-365,00",,"0,00","-0,75","-365,75",36e53e3b-9c90-4392-8042-f84c360f4f19
12-05-2026,16:01,ODAX P21500.00 19JUN26,DE000F1030G9,ERX,XEUR,-1,"101,5000",EUR,"507,50",EUR,"507,50",,"0,00","-0,75","506,75",e77a5270-0605-4dd5-9ac3-b86280b5024a
12-05-2026,15:23,ODAX P23000.00 15MAY26,DE000F2E1JT6,ERX,XEUR,1,"16,4000",EUR,"-82,00",EUR,"-82,00",,"0,00","-0,75","-82,75",06d2e992-fec8-4e36-b10f-e8a7b7e19bef
12-05-2026,15:22,ODAX P22500.00 15MAY26,DE000F2F98B2,ERX,XEUR,-3,"5,5000",EUR,"82,50",EUR,"82,50",,"0,00","-2,25","80,25",33913460-4136-4359-b100-448b21eda278
12-05-2026,15:20,ODAX P23000.00 15MAY26,DE000F2E1JT6,ERX,XEUR,2,"16,5000",EUR,"-165,00",EUR,"-165,00",,"0,00","-1,50","-166,50",64cc795d-0af3-4620-98b7-79cd9b50a206
11-05-2026,16:24,ODAX C25800.00 19JUN26,DE000F1NG326,ERX,XEUR,-1,"111,0000",EUR,"555,00",EUR,"555,00",,"0,00","-0,75","554,25",9237a7b9-4676-4a8e-88d2-da6363c075dc
11-05-2026,16:23,ODAX C25000.00 19JUN26,DE000F1NG3U2,ERX,XEUR,1,"321,0000",EUR,"-1605,00",EUR,"-1605,00",,"0,00","-0,75","-1605,75",124105dd-cbb4-4535-8140-2d1ffe4ae846
11-05-2026,16:22,ODAX C25800.00 19JUN26,DE000F1NG326,ERX,XEUR,-3,"112,5000",EUR,"1687,50",EUR,"1687,50",,"0,00","-2,25","1685,25",56684037-5019-42cc-a553-2eb75c58d740
11-05-2026,16:22,ODAX C26300.00 19JUN26,DE000F2MC358,ERX,XEUR,3,"53,5000",EUR,"-802,50",EUR,"-802,50",,"0,00","-2,25","-804,75",6938a5c2-3757-47fb-9286-689f6b37ce02
11-05-2026,10:00,ODAX C26250.00 15MAY26,DE000F2E1NL5,ERX,XEUR,-1,"1,0000",EUR,"5,00",EUR,"5,00",,"0,00","-0,75","4,25",9dabd679-4f5a-42f1-96a8-961bd8544933
11-05-2026,10:00,ODAX C26250.00 15MAY26,DE000F2E1NL5,ERX,XEUR,-2,"1,0000",EUR,"10,00",EUR,"10,00",,"0,00","-1,50","8,50",4bbd133a-c46a-4a51-8882-6eff5e31e757
11-05-2026,09:59,ODAX C25750.00 15MAY26,DE000F2E1M07,ERX,XEUR,3,"3,8000",EUR,"-57,00",EUR,"-57,00",,"0,00","-2,25","-59,25",783b248a-fcc0-49c3-9ab7-f5c35e121f0a
07-05-2026,15:58,ODAX C25750.00 15MAY26,DE000F2E1M07,ERX,XEUR,-1,"31,5000",EUR,"157,50",EUR,"157,50",,"0,00","-0,75","156,75",2a1c5047-3533-4799-94d4-679e850fda29
07-05-2026,15:57,ODAX C25500.00 15MAY26,DE000F2E1MQ6,ERX,XEUR,1,"64,0000",EUR,"-320,00",EUR,"-320,00",,"0,00","-0,75","-320,75",33072c44-49b3-49e8-a290-267b1c69736f
07-05-2026,11:12,ODAX P22500.00 19JUN26,DE000F1030S4,ERX,XEUR,-1,"112,5000",EUR,"562,50",EUR,"562,50",,"0,00","-0,75","561,75",dead5981-f95c-4f67-b1b4-d37cd067f87d
07-05-2026,11:11,ODAX P21500.00 19JUN26,DE000F1030G9,ERX,XEUR,1,"61,5000",EUR,"-307,50",EUR,"-307,50",,"0,00","-0,75","-308,25",d0738dbf-aabe-4bd6-a498-4829c610a1ef
07-05-2026,11:06,ODAX P23500.00 15MAY26,DE000F2E1KD8,ERX,XEUR,-1,"28,5000",EUR,"142,50",EUR,"142,50",,"0,00","-0,75","141,75",811ba927-d617-426c-b0c4-4a756f14c1c8
07-05-2026,11:06,ODAX P22500.00 15MAY26,DE000F2F98B2,ERX,XEUR,1,"7,6000",EUR,"-38,00",EUR,"-38,00",,"0,00","-0,75","-38,75",f49bfb3c-9ce6-4a8f-86b5-feed34cf6ba7
07-05-2026,11:03,ODAX C26000.00 15MAY26,DE000F2E1NA8,ERX,XEUR,-2,"19,5000",EUR,"195,00",EUR,"195,00",,"0,00","-1,50","193,50",d0f5d208-2fdc-42ac-ba53-7fff4a2098df
07-05-2026,11:03,ODAX C26250.00 15MAY26,DE000F2E1NL5,ERX,XEUR,3,"9,7000",EUR,"-145,50",EUR,"-145,50",,"0,00","-2,25","-147,75",743a23b9-acdd-4b47-89bc-9f373b30eb5c
07-05-2026,10:31,ODAX C25750.00 15MAY26,DE000F2E1M07,ERX,XEUR,-1,"49,0000",EUR,"245,00",EUR,"245,00",,"0,00","-0,75","244,25",26d1b79e-808a-4af5-b169-16f9017da6c7
07-05-2026,10:31,ODAX C25500.00 15MAY26,DE000F2E1MQ6,ERX,XEUR,1,"95,0000",EUR,"-475,00",EUR,"-475,00",,"0,00","-0,75","-475,75",c1740bb2-fabc-4d48-9e42-1d7b00b934b6
06-05-2026,17:14,ODAX C25750.00 15MAY26,DE000F2E1M07,ERX,XEUR,-1,"54,0000",EUR,"270,00",EUR,"270,00",,"0,00","-0,75","269,25",e56dc924-9730-4b1f-9458-4a9c89d5f301
06-05-2026,16:13,ODAX C25500.00 15MAY26,DE000F2E1MQ6,ERX,XEUR,1,"110,0000",EUR,"-550,00",EUR,"-550,00",,"0,00","-0,75","-550,75",b081a5dc-d75f-4368-9a87-58e2e7ec9c3d
06-05-2026,14:56,ODAX C24750.00 15MAY26,DE000F2E1LU0,ERX,XEUR,-1,"450,0000",EUR,"2250,00",EUR,"2250,00",,"0,00","-0,75","2249,25",9d846744-bd77-42f7-aef4-4d668377d70d
06-05-2026,14:51,ODAX C26000.00 15MAY26,DE000F2E1NA8,ERX,XEUR,-1,"35,0000",EUR,"175,00",EUR,"175,00",,"0,00","-0,75","174,25",dcf8e704-ff92-4c55-83c0-92fa3e5e5c2b
06-05-2026,14:50,ODAX C24750.00 15MAY26,DE000F2E1LU0,ERX,XEUR,1,"457,0000",EUR,"-2285,00",EUR,"-2285,00",,"0,00","-0,75","-2285,75",abd7a980-efde-48b4-b676-efe2d7cafbb8
06-05-2026,13:21,ODAX C26000.00 15MAY26,DE000F2E1NA8,ERX,XEUR,1,"53,0000",EUR,"-265,00",EUR,"-265,00",,"0,00","-0,75","-265,75",32a4a7c3-5273-4232-a843-2f44a252c783
06-05-2026,13:21,ODAX C25000.00 15MAY26,DE000F2E1L40,ERX,XEUR,-1,"405,0000",EUR,"2025,00",EUR,"2025,00",,"0,00","-0,75","2024,25",b499ca73-b70c-4621-b1c5-a80fc3b469eb
06-05-2026,13:20,ODAX C25500.00 15MAY26,DE000F2E1MQ6,ERX,XEUR,1,"171,0000",EUR,"-855,00",EUR,"-855,00",,"0,00","-0,75","-855,75",413e4947-f65b-4a22-984d-9d3311be25ee
06-05-2026,13:17,ODAX P22500.00 19JUN26,DE000F1030S4,ERX,XEUR,-1,"99,0000",EUR,"495,00",EUR,"495,00",,"0,00","-0,75","494,25",1a87b92c-881c-4466-b6e4-7c3d2a0f1cab
06-05-2026,13:16,ODAX P23000.00 19JUN26,DE000F1NG292,ERX,XEUR,1,"137,5000",EUR,"-687,50",EUR,"-687,50",,"0,00","-0,75","-688,25",f6b8d2b6-dbcb-4898-8ed4-0fd055a3028d
06-05-2026,12:26,ODAX C26000.00 15MAY26,DE000F2E1NA8,ERX,XEUR,-1,"44,5000",EUR,"222,50",EUR,"222,50",,"0,00","-0,75","221,75",93c6d240-f82c-49a5-8293-eb3b2076844c
06-05-2026,12:24,ODAX P21000.00 15MAY26,DE000F2GJUG2,ERX,XEUR,-5,"2,0000",EUR,"50,00",EUR,"50,00",,"0,00","-3,75","46,25",a8be639f-c19e-4839-85cb-9a0baa9b5838
06-05-2026,12:22,ODAX P21500.00 15MAY26,DE000F2GJUJ6,ERX,XEUR,5,"3,5000",EUR,"-87,50",EUR,"-87,50",,"0,00","-3,75","-91,25",548e544d-6601-4bd4-bd2f-43455b1e49aa
05-05-2026,15:56,ODAX C25500.00 15MAY26,DE000F2E1MQ6,ERX,XEUR,-1,"42,0000",EUR,"210,00",EUR,"210,00",,"0,00","-0,75","209,25",5b6415de-b108-4cc4-a5c7-51bdf7fd2cc4
05-05-2026,15:56,ODAX C25000.00 15MAY26,DE000F2E1L40,ERX,XEUR,1,"126,0000",EUR,"-630,00",EUR,"-630,00",,"0,00","-0,75","-630,75",53e7cfe9-0ee5-4780-b373-ffe137b82d38
05-05-2026,15:56,ODAX C25500.00 15MAY26,DE000F2E1MQ6,ERX,XEUR,-3,"42,0000",EUR,"630,00",EUR,"630,00",,"0,00","-2,25","627,75",1f2d27d6-08ab-411f-9998-f9b5e877a6b1
05-05-2026,15:55,ODAX C26000.00 15MAY26,DE000F2E1NA8,ERX,XEUR,3,"13,5000",EUR,"-202,50",EUR,"-202,50",,"0,00","-2,25","-204,75",8c6fa02d-9391-4d93-b630-2f3c66651a1e
05-05-2026,11:54,ODAX P23000.00 19JUN26,DE000F1NG292,ERX,XEUR,-1,"294,0000",EUR,"1470,00",EUR,"1470,00",,"0,00","-0,75","1469,25",7323c91f-f899-49cf-a77c-addde62479ff
05-05-2026,11:53,ODAX P24000.00 19JUN26,DE000F1NG3K3,ERX,XEUR,1,"555,0000",EUR,"-2775,00",EUR,"-2775,00",,"0,00","-0,75","-2775,75",81d7a39c-1ce7-4698-beec-3a99f2961e15
05-05-2026,11:53,ODAX P23000.00 19JUN26,DE000F1NG292,ERX,XEUR,-3,"295,0000",EUR,"4425,00",EUR,"4425,00",,"0,00","-2,25","4422,75",4fb4b525-2730-4b6b-ac2c-1271b9c47789
05-05-2026,11:52,ODAX P22500.00 19JUN26,DE000F1030S4,ERX,XEUR,3,"217,0000",EUR,"-3255,00",EUR,"-3255,00",,"0,00","-2,25","-3257,25",37ed3cc0-2fac-4194-97c9-1b4dbb1ac4db
05-05-2026,11:50,ODAX P21000.00 15MAY26,DE000F2GJUG2,ERX,XEUR,1,"5,9000",EUR,"-29,50",EUR,"-29,50",,"0,00","-0,75","-30,25",deed89a3-6f49-4b8a-b376-0751d6a76c23
05-05-2026,11:49,OCI C3.00 18SEP26,NLEX02420563,LFF,XEUE,-1,"0,9000",EUR,"90,00",EUR,"90,00",,"0,00","-0,75","89,25",b27c9b75-6011-4844-aa93-8ab8a52dde19
05-05-2026,11:29,ODAX P23000.00 19JUN26,DE000F1NG292,ERX,XEUR,-1,"298,0000",EUR,"1490,00",EUR,"1490,00",,"0,00","-0,75","1489,25",9ca5e6c2-96cc-45d0-8679-fa56ac4d412a
05-05-2026,11:28,ODAX P22500.00 19JUN26,DE000F1030S4,ERX,XEUR,1,"219,0000",EUR,"-1095,00",EUR,"-1095,00",,"0,00","-0,75","-1095,75",57ca3803-5071-441a-a376-c03055ba39c5
05-05-2026,11:22,ODAX P21500.00 15MAY26,DE000F2GJUJ6,ERX,XEUR,-1,"10,5000",EUR,"52,50",EUR,"52,50",,"0,00","-0,75","51,75",b72173ae-c85f-4d09-8188-2255e9031b57
05-05-2026,11:19,ODAX P22000.00 15MAY26,DE000F2GJUL2,ERX,XEUR,1,"19,5000",EUR,"-97,50",EUR,"-97,50",,"0,00","-0,75","-98,25",1ba18519-8253-455b-b3bd-52a6360b0459
04-05-2026,17:14,ODAX P23000.00 15MAY26,DE000F2E1JT6,ERX,XEUR,-1,"89,0000",EUR,"445,00",EUR,"445,00",,"0,00","-0,75","444,25",4cecbe33-fc01-407e-a0c7-baa3ec7680d3
04-05-2026,17:12,ODAX P22500.00 15MAY26,DE000F2F98B2,ERX,XEUR,1,"45,5000",EUR,"-227,50",EUR,"-227,50",,"0,00","-0,75","-228,25",b3ca265a-e616-4589-b77b-484b9b25fc4f
04-05-2026,16:52,ODAX P23000.00 15MAY26,DE000F2E1JT6,ERX,XEUR,-1,"78,5000",EUR,"392,50",EUR,"392,50",,"0,00","-0,75","391,75",5e62ac66-327a-4611-bf9e-f27ff09bf163
04-05-2026,16:51,ODAX P22500.00 15MAY26,DE000F2F98B2,ERX,XEUR,1,"41,5000",EUR,"-207,50",EUR,"-207,50",,"0,00","-0,75","-208,25",fccbd1c3-685f-4080-8394-daa9d5535253
04-05-2026,10:39,ODAX P23000.00 15MAY26,DE000F2E1JT6,ERX,XEUR,1,"59,0000",EUR,"-295,00",EUR,"-295,00",,"0,00","-0,75","-295,75",f058215e-d46a-4c4e-a975-0197b799ab61
04-05-2026,10:26,ODAX P22500.00 15MAY26,DE000F2F98B2,ERX,XEUR,-1,"30,0000",EUR,"150,00",EUR,"150,00",,"0,00","-0,75","149,25",d3cb460c-20d7-4a5b-aa9e-5c870c852cc9
04-05-2026,10:24,ODAX P22500.00 15MAY26,DE000F2F98B2,ERX,XEUR,-1,"31,0000",EUR,"155,00",EUR,"155,00",,"0,00","-0,75","154,25",4058669c-2443-4523-bfe1-b24f9cedf17d
04-05-2026,10:24,ODAX P23000.00 15MAY26,DE000F2E1JT6,ERX,XEUR,1,"61,0000",EUR,"-305,00",EUR,"-305,00",,"0,00","-0,75","-305,75",f32d36b1-8281-456d-94ea-72d5d65de7b2
30-04-2026,16:17,ODAX P22000.00 15MAY26,DE000F2GJUL2,ERX,XEUR,-1,"30,5000",EUR,"152,50",EUR,"152,50",,"0,00","-0,75","151,75",20a83b0e-aac4-4035-9a61-38279051fc0f
30-04-2026,16:04,ODAX P22500.00 15MAY26,DE000F2F98B2,ERX,XEUR,-1,"56,0000",EUR,"280,00",EUR,"280,00",,"0,00","-0,75","279,25",db3aa831-cab2-4661-b9c2-3b96749b5326
30-04-2026,16:02,ODAX P23000.00 15MAY26,DE000F2E1JT6,ERX,XEUR,1,"104,0000",EUR,"-520,00",EUR,"-520,00",,"0,00","-0,75","-520,75",f8794710-5696-4f84-a8ed-e7f9d3ac87bd
27-04-2026,14:12,ODAX P20000.00 15MAY26,DE000F2GJUC1,ERX,XEUR,-3,"6,5000",EUR,"97,50",EUR,"97,50",,"0,00","-2,25","95,25",ea2684bb-42f8-44f1-bde7-e4bd96b3a417
27-04-2026,14:11,ODAX P20500.00 15MAY26,DE000F2GJUE7,ERX,XEUR,3,"9,4000",EUR,"-141,00",EUR,"-141,00",,"0,00","-2,25","-143,25",fe6c5b1d-b9e1-4412-9d57-7ffe42e4ebcf
24-04-2026,10:26,ODAX P22000.00 19JUN26,DE000F1NG2Z3,ERX,XEUR,-2,"208,0000",EUR,"2080,00",EUR,"2080,00",,"0,00","-1,50","2078,50",7b6683bb-3fc0-4eef-8060-9ef6653f75f7
24-04-2026,10:25,ODAX P23000.00 19JUN26,DE000F1NG292,ERX,XEUR,1,"360,0000",EUR,"-1800,00",EUR,"-1800,00",,"0,00","-0,75","-1800,75",2c058db2-9089-408f-889e-af5e856995a2
24-04-2026,10:23,ODAX P22000.00 19JUN26,DE000F1NG2Z3,ERX,XEUR,-2,"205,0000",EUR,"2050,00",EUR,"2050,00",,"0,00","-1,50","2048,50",5be32a38-83ee-41b6-93a2-cb7e6d250e6c
24-04-2026,10:22,ODAX P21500.00 19JUN26,DE000F1030G9,ERX,XEUR,3,"157,0000",EUR,"-2355,00",EUR,"-2355,00",,"0,00","-2,25","-2357,25",88d53d2f-7e4d-4598-b6e4-972321caff45
20-04-2026,10:22,ODAX P23000.00 15MAY26,DE000F2E1JT6,ERX,XEUR,-2,"148,5000",EUR,"1485,00",EUR,"1485,00",,"0,00","-1,50","1483,50",053f75a2-a541-489f-81d8-b8cb7d653e66
20-04-2026,10:22,ODAX P23500.00 15MAY26,DE000F2E1KD8,ERX,XEUR,1,"225,0000",EUR,"-1125,00",EUR,"-1125,00",,"0,00","-0,75","-1125,75",abf9f8fc-1420-4f12-87d8-f2323c4f4027
17-04-2026,13:41,ODAX P21500.00 17APR26,DE000F2BX1P8,ERX,,5,"0,0000",EUR,"0,00",EUR,"0,00",,"0,00",,"0,00",
17-04-2026,13:41,ODAX P21000.00 17APR26,DE000F2BX035,ERX,,-5,"0,0000",EUR,"0,00",EUR,"0,00",,"0,00",,"0,00",
17-04-2026,13:41,ODAX P22500.00 17APR26,DE000F2BSLF5,ERX,,3,"0,0000",EUR,"0,00",EUR,"0,00",,"0,00",,"0,00",
17-04-2026,13:41,ODAX P22000.00 17APR26,DE000F2BX191,ERX,,-4,"0,0000",EUR,"0,00",EUR,"0,00",,"0,00",,"0,00",
16-04-2026,13:40,ODAX P23000.00 15MAY26,DE000F2E1JT6,ERX,XEUR,-2,"151,5000",EUR,"1515,00",EUR,"1515,00",,"0,00","-1,50","1513,50",38dbd60b-80ca-4304-bc9d-a18a023bc82f
16-04-2026,13:39,ODAX P22500.00 15MAY26,DE000F2F98B2,ERX,XEUR,3,"98,5000",EUR,"-1477,50",EUR,"-1477,50",,"0,00","-2,25","-1479,75",38d2b784-2937-45d2-ae61-e03f6189abdc
16-04-2026,13:17,ODAX P24200.00 17APR26,DE000F2AHHT9,ERX,XEUR,-1,"74,0000",EUR,"370,00",EUR,"370,00",,"0,00","-0,75","369,25",2a092e24-efbc-4cc3-9e77-390b5a79aad2
16-04-2026,13:16,ODAX P24100.00 17APR26,DE000F2AHHP7,ERX,XEUR,1,"41,5000",EUR,"-207,50",EUR,"-207,50",,"0,00","-0,75","-208,25",46bf2247-8930-4aaa-a733-242ef18bbe2a
16-04-2026,13:10,ODAX P24000.00 17APR26,DE000F2AHHK8,ERX,XEUR,-1,"23,0000",EUR,"115,00",EUR,"115,00",,"0,00","-0,75","114,25",79fafa5f-c838-4663-8366-a47306099cc3
16-04-2026,13:09,ODAX P24100.00 17APR26,DE000F2AHHP7,ERX,XEUR,1,"43,0000",EUR,"-215,00",EUR,"-215,00",,"0,00","-0,75","-215,75",077e3ea5-00df-42cf-8bee-5d385bfbe495
16-04-2026,09:43,ODAX P23500.00 17APR26,DE000F2AHGZ8,ERX,XEUR,-1,"6,0000",EUR,"30,00",EUR,"30,00",,"0,00","-0,75","29,25",63010136-577f-4cdd-86bf-4c60472157a5
16-04-2026,09:42,ODAX P23500.00 17APR26,DE000F2AHGZ8,ERX,XEUR,-1,"6,0000",EUR,"30,00",EUR,"30,00",,"0,00","-0,75","29,25",d1d0e772-851d-47ea-9e43-87554261a543
16-04-2026,09:41,ODAX P23700.00 17APR26,DE000F2AHG71,ERX,XEUR,2,"12,0000",EUR,"-120,00",EUR,"-120,00",,"0,00","-1,50","-121,50",a8163fae-e397-4945-90b4-bac55b5aa7f2
16-04-2026,09:20,ODAX P24100.00 17APR26,DE000F2AHHP7,ERX,XEUR,-1,"98,0000",EUR,"490,00",EUR,"490,00",,"0,00","-0,75","489,25",bc063568-6d46-4f8c-8aba-04bbaf9da954
16-04-2026,09:19,ODAX P24000.00 17APR26,DE000F2AHHK8,ERX,XEUR,1,"64,0000",EUR,"-320,00",EUR,"-320,00",,"0,00","-0,75","-320,75",74528b80-ac13-4dad-88b7-6132a5b0fe60
15-04-2026,14:12,ODAX P24100.00 17APR26,DE000F2AHHP7,ERX,XEUR,-1,"148,0000",EUR,"740,00",EUR,"740,00",,"0,00","-0,75","739,25",c960ec59-8822-4d55-8714-fec8b4ef47ea
15-04-2026,14:08,ODAX P24000.00 17APR26,DE000F2AHHK8,ERX,XEUR,1,"108,0000",EUR,"-540,00",EUR,"-540,00",,"0,00","-0,75","-540,75",836932d4-5143-42a2-b977-1a9139393ae6
15-04-2026,10:26,ODAX P24000.00 17APR26,DE000F2AHHK8,ERX,XEUR,-2,"108,0000",EUR,"1080,00",EUR,"1080,00",,"0,00","-1,50","1078,50",e8f73f1e-b2a0-4e6c-8687-4f5febd448c2
15-04-2026,10:24,ODAX P23500.00 17APR26,DE000F2AHGZ8,ERX,XEUR,1,"20,0000",EUR,"-100,00",EUR,"-100,00",,"0,00","-0,75","-100,75",e346e05a-7958-4bdc-88b5-c31f67e48c8c
15-04-2026,10:24,ODAX P24200.00 17APR26,DE000F2AHHT9,ERX,XEUR,1,"227,0000",EUR,"-1135,00",EUR,"-1135,00",,"0,00","-0,75","-1135,75",8476e93d-fa53-499a-8421-ea5123b7511e
15-04-2026,10:10,ODAX P22000.00 19JUN26,DE000F1NG2Z3,ERX,XEUR,1,"207,5000",EUR,"-1037,50",EUR,"-1037,50",,"0,00","-0,75","-1038,25",e3dfdbc7-7923-4ad5-9380-a78dac0ebd7f
15-04-2026,10:09,ODAX P22000.00 19JUN26,DE000F1NG2Z3,ERX,XEUR,-1,"205,0000",EUR,"1025,00",EUR,"1025,00",,"0,00","-0,75","1024,25",9a9f0e08-b327-4db1-88c1-0e03df225d36
14-04-2026,10:55,ODAX P23700.00 17APR26,DE000F2AHG71,ERX,XEUR,-1,"59,0000",EUR,"295,00",EUR,"295,00",,"0,00","-0,75","294,25",10acb36b-3794-4b1d-9f48-6d6551ac93a1
14-04-2026,10:50,ODAX P23500.00 17APR26,DE000F2AHGZ8,ERX,XEUR,1,"38,0000",EUR,"-190,00",EUR,"-190,00",,"0,00","-0,75","-190,75",e7a1ed00-8bf9-408e-b10b-ca5df363dac3
14-04-2026,09:43,ODAX P23700.00 17APR26,DE000F2AHG71,ERX,XEUR,-1,"80,0000",EUR,"400,00",EUR,"400,00",,"0,00","-0,75","399,25",b2304c65-1e92-4808-be2d-2e60b67bf1e0
14-04-2026,09:41,ODAX P23700.00 17APR26,DE000F2AHG71,ERX,XEUR,-1,"74,0000",EUR,"370,00",EUR,"370,00",,"0,00","-0,75","369,25",0b5926f3-5579-4956-812a-fee85dd513b4
14-04-2026,09:40,ODAX P24000.00 17APR26,DE000F2AHHK8,ERX,XEUR,1,"170,0000",EUR,"-850,00",EUR,"-850,00",,"0,00","-0,75","-850,75",93824a11-c0fb-43b7-8741-d39e8a76c492
14-04-2026,09:38,ODAX P23250.00 17APR26,DE000F2AHGP9,ERX,XEUR,1,"23,0000",EUR,"-115,00",EUR,"-115,00",,"0,00","-0,75","-115,75",08486845-10c2-4ff6-8d89-eabb784b3d85
14-04-2026,09:36,ODAX P22500.00 17APR26,DE000F2BSLF5,ERX,XEUR,1,"3,0000",EUR,"-15,00",EUR,"-15,00",,"0,00","-0,75","-15,75",f0c06064-d043-44ea-8138-b95ab1e9fbf4
13-04-2026,10:52,ODAX P21500.00 15MAY26,DE000F2GJUJ6,ERX,XEUR,-1,"123,5000",EUR,"617,50",EUR,"617,50",,"0,00","-0,75","616,75",5ae96864-bc6a-4e69-8ef7-594c23040458
13-04-2026,10:44,ODAX P22000.00 17APR26,DE000F2BX191,ERX,XEUR,1,"11,0000",EUR,"-55,00",EUR,"-55,00",,"0,00","-0,75","-55,75",7b716880-0284-4df9-994c-ecc57e8deb3a
10-04-2026,15:55,ODAX P20500.00 15MAY26,DE000F2GJUE7,ERX,XEUR,-1,"43,0000",EUR,"215,00",EUR,"215,00",,"0,00","-0,75","214,25",13ee497e-0bd9-41e7-8db3-bc66d25a2859
10-04-2026,15:44,ODAX P23250.00 17APR26,DE000F2AHGP9,ERX,XEUR,-1,"75,0000",EUR,"375,00",EUR,"375,00",,"0,00","-0,75","374,25",51069000-49bd-4831-baf6-7804c9a5d18f
10-04-2026,13:18,ODAX2 P23625.00 10APR26,DE000F3JL6Z1,ERX,,-1,"0,0000",EUR,"0,00",EUR,"0,00",,"0,00",,"0,00",
10-04-2026,10:00,ODAX P23500.00 17APR26,DE000F2AHGZ8,ERX,XEUR,-1,"132,0000",EUR,"660,00",EUR,"660,00",,"0,00","-0,75","659,25",8eaa2446-624d-452a-a4c9-b12e224cf638
10-04-2026,09:59,ODAX P23700.00 17APR26,DE000F2AHG71,ERX,XEUR,1,"190,0000",EUR,"-950,00",EUR,"-950,00",,"0,00","-0,75","-950,75",d24a16e7-99a0-48d0-8abd-8185b0922cfd
10-04-2026,09:49,RD P35.00 19JUN26,NLEN20691361,LFF,XEUE,-2,"0,5000",EUR,"100,00",EUR,"100,00",,"0,00","-1,50","98,50",431ee2fa-4362-4da4-9d8e-715327b879c8
10-04-2026,09:21,ODAX P21000.00 15MAY26,DE000F2GJUG2,ERX,XEUR,1,"74,0000",EUR,"-370,00",EUR,"-370,00",,"0,00","-0,75","-370,75",e722c5be-093c-4767-b205-1ca42b9c244a
10-04-2026,09:16,ODAX2 P23625.00 10APR26,DE000F3JL6Z1,ERX,XEUR,1,"7,0000",EUR,"-35,00",EUR,"-35,00",,"0,00","-0,75","-35,75",952141ee-9fc8-4ed5-9b7e-5777328b7ef2
09-04-2026,16:18,ODAX2 P23300.00 10APR26,DE000F2GTMR5,ERX,XEUR,-1,"12,0000",EUR,"60,00",EUR,"60,00",,"0,00","-0,75","59,25",106063ac-d174-4ceb-bf4b-d8b32657e8f1
09-04-2026,13:22,ODAX2 P23300.00 10APR26,DE000F2GTMR5,ERX,XEUR,1,"16,5000",EUR,"-82,50",EUR,"-82,50",,"0,00","-0,75","-83,25",bb049cb8-af99-4fbe-b95a-a860a3b00b35
09-04-2026,13:20,ODAX2 P23700.00 10APR26,DE000F2GTM73,ERX,XEUR,1,"89,5000",EUR,"-447,50",EUR,"-447,50",,"0,00","-0,75","-448,25",c112c798-2c5e-4284-8381-06ac7a6e1121
09-04-2026,13:19,ODAX2 P23800.00 10APR26,DE000F2GTNF8,ERX,XEUR,-1,"130,0000",EUR,"650,00",EUR,"650,00",,"0,00","-0,75","649,25",1d47668f-ab43-4664-9a8b-ac0c44595663
09-04-2026,12:34,ODAX2 P23800.00 10APR26,DE000F2GTNF8,ERX,XEUR,1,"117,0000",EUR,"-585,00",EUR,"-585,00",,"0,00","-0,75","-585,75",9cbbab47-e94b-446e-892f-bf86b9dfac3a
09-04-2026,12:33,ODAX2 P23700.00 10APR26,DE000F2GTM73,ERX,XEUR,-1,"72,5000",EUR,"362,50",EUR,"362,50",,"0,00","-0,75","361,75",50859f8f-4803-439f-8268-e4994163c751
09-04-2026,11:46,ODAX P22500.00 17APR26,DE000F2BSLF5,ERX,XEUR,-1,"51,0000",EUR,"255,00",EUR,"255,00",,"0,00","-0,75","254,25",b53c0ed8-3303-48c2-97db-dc643ca4400a
09-04-2026,11:45,ODAX P23000.00 17APR26,DE000F2AHGD5,ERX,XEUR,-1,"107,0000",EUR,"535,00",EUR,"535,00",,"0,00","-0,75","534,25",4f7de54b-f74b-41da-84da-f5c5ce506638
09-04-2026,11:44,ODAX P23500.00 17APR26,DE000F2AHGZ8,ERX,XEUR,1,"214,0000",EUR,"-1070,00",EUR,"-1070,00",,"0,00","-0,75","-1070,75",4df891db-91d9-43ae-a156-5119afe1113c
09-04-2026,11:24,ODAX P22500.00 17APR26,DE000F2BSLF5,ERX,XEUR,-1,"50,5000",EUR,"252,50",EUR,"252,50",,"0,00","-0,75","251,75",7c9e7bba-d34a-4893-8103-82fe66cd07d1
09-04-2026,11:22,ODAX P22000.00 17APR26,DE000F2BX191,ERX,XEUR,1,"26,0000",EUR,"-130,00",EUR,"-130,00",,"0,00","-0,75","-130,75",a7af1dc4-5952-41bc-9d67-f42668f2cf15
09-04-2026,11:21,ODAX P21000.00 17APR26,DE000F2BX035,ERX,XEUR,-5,"7,5000",EUR,"187,50",EUR,"187,50",,"0,00","-3,75","183,75",9b7855ec-3660-4d65-887c-0e0ff785b95c
09-04-2026,11:21,ODAX P21500.00 17APR26,DE000F2BX1P8,ERX,XEUR,5,"14,5000",EUR,"-362,50",EUR,"-362,50",,"0,00","-3,75","-366,25",5fff6cf8-8681-4742-afbc-7748770187ea
09-04-2026,10:51,ODAX P20000.00 15MAY26,DE000F2GJUC1,ERX,XEUR,3,"53,0000",EUR,"-795,00",EUR,"-795,00",,"0,00","-2,25","-797,25",1a7c1384-1a74-4d3b-a938-45ab3be5553b
09-04-2026,10:50,ODAX P20500.00 15MAY26,DE000F2GJUE7,ERX,XEUR,-2,"72,0000",EUR,"720,00",EUR,"720,00",,"0,00","-1,50","718,50",a10a390c-5425-4352-8f6d-a9b8a96a0a13
08-04-2026,15:29,ODAX P22000.00 17APR26,DE000F2BX191,ERX,XEUR,-2,"18,5000",EUR,"185,00",EUR,"185,00",,"0,00","-1,50","183,50",fff4b824-baa6-4de1-b93c-aee004097fb5
08-04-2026,15:28,ODAX P22500.00 17APR26,DE000F2BSLF5,ERX,XEUR,2,"35,5000",EUR,"-355,00",EUR,"-355,00",,"0,00","-1,50","-356,50",26eec3b9-fbf6-47f0-9574-51578a2ac83f
08-04-2026,15:21,ODAX P21500.00 15MAY26,DE000F2GJUJ6,ERX,XEUR,-3,"99,0000",EUR,"1485,00",EUR,"1485,00",,"0,00","-2,25","1482,75",f8083f65-63ba-4eb4-a491-dd07e20dc754
08-04-2026,15:20,ODAX P21000.00 15MAY26,DE000F2GJUG2,ERX,XEUR,3,"73,5000",EUR,"-1102,50",EUR,"-1102,50",,"0,00","-2,25","-1104,75",8a638a74-f471-4547-b2dc-18d91ebc61fa
08-04-2026,13:59,ODAX P23500.00 17APR26,DE000F2AHGZ8,ERX,XEUR,-1,"132,0000",EUR,"660,00",EUR,"660,00",,"0,00","-0,75","659,25",b3f4be69-03a6-4061-b13b-5a72ec4cc006
08-04-2026,13:58,ODAX P23000.00 17APR26,DE000F2AHGD5,ERX,XEUR,1,"66,5000",EUR,"-332,50",EUR,"-332,50",,"0,00","-0,75","-333,25",e013adc3-1249-409d-a8e6-7b8d4ac2b3dd
08-04-2026,10:56,ODAX P22500.00 17APR26,DE000F2BSLF5,ERX,XEUR,1,"52,0000",EUR,"-260,00",EUR,"-260,00",,"0,00","-0,75","-260,75",3dd7cf30-91ba-4e7c-a4ea-d869a39ce9f3
08-04-2026,10:52,ODAX P21500.00 17APR26,DE000F2BX1P8,ERX,XEUR,-2,"15,0000",EUR,"150,00",EUR,"150,00",,"0,00","-1,50","148,50",8b5783d7-afd8-446b-9769-69bd96c62673
08-04-2026,10:27,ODAX P21000.00 17APR26,DE000F2BX035,ERX,XEUR,2,"10,0000",EUR,"-100,00",EUR,"-100,00",,"0,00","-1,50","-101,50",478c8867-9301-430e-9ad6-89602847ce88
08-04-2026,10:27,ODAX P21000.00 17APR26,DE000F2BX035,ERX,XEUR,1,"10,0000",EUR,"-50,00",EUR,"-50,00",,"0,00","-0,75","-50,75",478c8867-9301-430e-9ad6-89602847ce88
08-04-2026,09:52,ODAX P20000.00 17APR26,DE000F2BX3A6,ERX,XEUR,-4,"3,0000",EUR,"60,00",EUR,"60,00",,"0,00","-3,00","57,00",f682ee6e-93d2-4cbc-82d3-499b86194c96
08-04-2026,09:45,ODAX P20500.00 17APR26,DE000F2BX3M1,ERX,XEUR,4,"6,0000",EUR,"-120,00",EUR,"-120,00",,"0,00","-3,00","-123,00",42d25ef6-02bf-46a0-96c6-9e47588ba14f
07-04-2026,13:22,ODAX P21500.00 17APR26,DE000F2BX1P8,ERX,XEUR,-1,"84,5000",EUR,"422,50",EUR,"422,50",,"0,00","-0,75","421,75",83a22100-d652-4046-aefc-2d2fe24bb05d
07-04-2026,11:43,ODAX P20500.00 17APR26,DE000F2BX3M1,ERX,XEUR,-2,"16,3000",EUR,"163,00",EUR,"163,00",,"0,00","-1,50","161,50",58fbeab7-e00d-4c92-8cc0-1decd8de2251
07-04-2026,11:42,ODAX P21500.00 17APR26,DE000F2BX1P8,ERX,XEUR,2,"52,0000",EUR,"-520,00",EUR,"-520,00",,"0,00","-1,50","-521,50",f9fd6e6e-16f1-4382-a528-9f1b4853ea2e
01-04-2026,14:07,ODAX P21500.00 17APR26,DE000F2BX1P8,ERX,XEUR,-1,"80,0000",EUR,"400,00",EUR,"400,00",,"0,00","-0,75","399,25",b0a60ba7-00cc-41a2-ae8c-60e0ae1bda42
01-04-2026,14:06,ODAX P20500.00 17APR26,DE000F2BX3M1,ERX,XEUR,2,"29,5000",EUR,"-295,00",EUR,"-295,00",,"0,00","-1,50","-296,50",83bf95a0-8334-4759-ba9d-68c9e478af37
01-04-2026,13:55,ODAX P21000.00 17APR26,DE000F2BX035,ERX,XEUR,-1,"46,5000",EUR,"232,50",EUR,"232,50",,"0,00","-0,75","231,75",e60bf91a-98ab-4c01-a946-a87add1f7bd3
01-04-2026,13:41,ODAX P21000.00 17APR26,DE000F2BX035,ERX,XEUR,1,"48,0000",EUR,"-240,00",EUR,"-240,00",,"0,00","-0,75","-240,75",b07a999f-26e3-42a6-b6fd-7734b2fe859e
01-04-2026,12:34,ODAX P22500.00 17APR26,DE000F2BSLF5,ERX,XEUR,-2,"282,0000",EUR,"2820,00",EUR,"2820,00",,"0,00","-1,50","2818,50",04d71a15-6327-497d-9397-786d1f6460a1
01-04-2026,12:33,ODAX P22000.00 17APR26,DE000F2BX191,ERX,XEUR,2,"172,0000",EUR,"-1720,00",EUR,"-1720,00",,"0,00","-1,50","-1721,50",6429c1ee-73c8-4791-bb3e-7e4f2b7dab30
01-04-2026,12:30,ODAX P23000.00 17APR26,DE000F2AHGD5,ERX,XEUR,-1,"427,0000",EUR,"2135,00",EUR,"2135,00",,"0,00","-0,75","2134,25",e4060365-4963-446a-826f-a01c1e0348f9
01-04-2026,12:29,ODAX P23500.00 17APR26,DE000F2AHGZ8,ERX,XEUR,1,"683,0000",EUR,"-3415,00",EUR,"-3415,00",,"0,00","-0,75","-3415,75",b59e2470-efa5-457a-ab9c-9a51c051ee28
01-04-2026,09:46,ODAX P20000.00 17APR26,DE000F2BX3A6,ERX,XEUR,-3,"20,0000",EUR,"300,00",EUR,"300,00",,"0,00","-2,25","297,75",052ad311-e2fb-4bb5-974c-c6d1bdaa161c
01-04-2026,09:35,ODAX P21500.00 17APR26,DE000F2BX1P8,ERX,XEUR,-3,"85,0000",EUR,"1275,00",EUR,"1275,00",,"0,00","-2,25","1272,75",63cafe61-1c3e-41b8-b992-4e5d20d52595
01-04-2026,09:33,ODAX P21000.00 17APR26,DE000F2BX035,ERX,XEUR,3,"54,0000",EUR,"-810,00",EUR,"-810,00",,"0,00","-2,25","-812,25",9683c5ef-6772-419a-8ad8-3a4cad52c856
01-04-2026,09:31,ODAX P20500.00 17APR26,DE000F2BX3M1,ERX,XEUR,3,"34,0000",EUR,"-510,00",EUR,"-510,00",,"0,00","-2,25","-512,25",561331ba-d440-4195-bac6-a4846dd8b892
01-04-2026,09:24,ODAX P21500.00 17APR26,DE000F2BX1P8,ERX,XEUR,-2,"92,0000",EUR,"920,00",EUR,"920,00",,"0,00","-1,50","918,50",2f80a856-157e-410e-a3c7-32e1d846c23c
01-04-2026,09:23,ODAX P21000.00 17APR26,DE000F2BX035,ERX,XEUR,2,"60,0000",EUR,"-600,00",EUR,"-600,00",,"0,00","-1,50","-601,50",3fa3dffd-8b9d-41e7-9051-67c7930150b6
01-04-2026,09:21,ODAX P22500.00 17APR26,DE000F2BSLF5,ERX,XEUR,-1,"256,0000",EUR,"1280,00",EUR,"1280,00",,"0,00","-0,75","1279,25",1f2b588a-7c61-4d46-9d8d-dd7f0ac8121c
01-04-2026,09:21,ODAX P23000.00 17APR26,DE000F2AHGD5,ERX,XEUR,1,"406,0000",EUR,"-2030,00",EUR,"-2030,00",,"0,00","-0,75","-2030,75",4ac07b52-707a-4dbc-aed5-a6bf47dde150
31-03-2026,10:12,ODAX P20500.00 17APR26,DE000F2BX3M1,ERX,XEUR,-1,"87,0000",EUR,"435,00",EUR,"435,00",,"0,00","-0,75","434,25",0451fec1-ca23-4be8-9e34-ca874725fb85
31-03-2026,10:10,ODAX P20500.00 17APR26,DE000F2BX3M1,ERX,XEUR,1,"85,0000",EUR,"-425,00",EUR,"-425,00",,"0,00","-0,75","-425,75",a93dda7c-8ba1-483c-acaf-17f6e14dec2f
31-03-2026,09:52,ODAX P21000.00 17APR26,DE000F2BX035,ERX,XEUR,-1,"140,0000",EUR,"700,00",EUR,"700,00",,"0,00","-0,75","699,25",2d53b583-8c14-42a6-8f34-69443e5e25ca
31-03-2026,09:51,ODAX P21500.00 17APR26,DE000F2BX1P8,ERX,XEUR,-1,"220,0000",EUR,"1100,00",EUR,"1100,00",,"0,00","-0,75","1099,25",ca1ba381-9cb3-4ca4-a7c9-a0a53900df29
31-03-2026,09:50,ODAX P22500.00 17APR26,DE000F2BSLF5,ERX,XEUR,1,"510,0000",EUR,"-2550,00",EUR,"-2550,00",,"0,00","-0,75","-2550,75",cfee9308-f1dd-4197-a6df-febafebabce6
31-03-2026,09:48,ODAX P21500.00 17APR26,DE000F2BX1P8,ERX,XEUR,-2,"220,0000",EUR,"2200,00",EUR,"2200,00",,"0,00","-1,50","2198,50",c2e356b6-781c-449c-9ffa-3e1449fa741d
31-03-2026,09:47,ODAX P21000.00 17APR26,DE000F2BX035,ERX,XEUR,3,"144,0000",EUR,"-2160,00",EUR,"-2160,00",,"0,00","-2,25","-2162,25",c29e2beb-f50e-4cd8-9eeb-61b5668a6a6a
30-03-2026,16:40,ODAX P19000.00 17APR26,DE000F2BX2L5,ERX,XEUR,-1,"44,5000",EUR,"222,50",EUR,"222,50",,"0,00","-0,75","221,75",d81d61ce-4592-410d-97fd-a4fbc16fd355
30-03-2026,14:56,ODAX P19000.00 17APR26,DE000F2BX2L5,ERX,XEUR,-1,"47,0000",EUR,"235,00",EUR,"235,00",,"0,00","-0,75","234,25",d47f999d-44fb-444d-956e-35271ce566d4
30-03-2026,14:55,ODAX P20000.00 17APR26,DE000F2BX3A6,ERX,XEUR,1,"104,0000",EUR,"-520,00",EUR,"-520,00",,"0,00","-0,75","-520,75",5fd012a3-d39f-4860-b3c7-5dd63441b3cb
30-03-2026,11:49,ODAX P20500.00 17APR26,DE000F2BX3M1,ERX,XEUR,-1,"179,0000",EUR,"895,00",EUR,"895,00",,"0,00","-0,75","894,25",c49a8009-4193-44db-8702-0d24944492b7
30-03-2026,11:48,ODAX P19500.00 17APR26,DE000F2BX2X0,ERX,XEUR,1,"84,5000",EUR,"-422,50",EUR,"-422,50",,"0,00","-0,75","-423,25",09ee47d7-21af-406d-865e-314b9b385016
30-03-2026,10:24,ODAX P22000.00 17APR26,DE000F2BX191,ERX,XEUR,-1,"522,0000",EUR,"2610,00",EUR,"2610,00",,"0,00","-0,75","2609,25",d80bd8ba-06e3-49f0-9047-1a910e217673
30-03-2026,10:23,ODAX P22500.00 17APR26,DE000F2BSLF5,ERX,XEUR,1,"730,0000",EUR,"-3650,00",EUR,"-3650,00",,"0,00","-0,75","-3650,75",a50db6ec-f716-49a1-be1e-b420ad88a8b6
27-03-2026,17:15,ODAX P19500.00 17APR26,DE000F2BX2X0,ERX,XEUR,-1,"96,0000",EUR,"480,00",EUR,"480,00",,"0,00","-0,75","479,25",b3b26216-69c8-4685-84fe-d7406591ae59
27-03-2026,17:14,ODAX P19000.00 17APR26,DE000F2BX2L5,ERX,XEUR,1,"70,0000",EUR,"-350,00",EUR,"-350,00",,"0,00","-0,75","-350,75",dc5ea39a-e13c-49fb-9e88-c8554e4b6804
27-03-2026,17:12,ODAX P20500.00 17APR26,DE000F2BX3M1,ERX,XEUR,-1,"202,0000",EUR,"1010,00",EUR,"1010,00",,"0,00","-0,75","1009,25",40ed1d62-352c-456a-a70f-e84b508c12fd
27-03-2026,17:11,ODAX P19000.00 17APR26,DE000F2BX2L5,ERX,XEUR,1,"71,0000",EUR,"-355,00",EUR,"-355,00",,"0,00","-0,75","-355,75",4ee9e711-57df-452f-a322-8d2a09123ee2
27-03-2026,17:09,ODAX P22000.00 17APR26,DE000F2BX191,ERX,XEUR,-1,"563,0000",EUR,"2815,00",EUR,"2815,00",,"0,00","-0,75","2814,25",c84ba116-7ddc-4a16-b4de-64d364b892b2
27-03-2026,17:08,ODAX P22500.00 17APR26,DE000F2BSLF5,ERX,XEUR,1,"788,0000",EUR,"-3940,00",EUR,"-3940,00",,"0,00","-0,75","-3940,75",2673d57e-f1ab-4f97-9489-4b22d3024fbd
27-03-2026,11:27,ODAX P22000.00 17APR26,DE000F2BX191,ERX,XEUR,-1,"528,0000",EUR,"2640,00",EUR,"2640,00",,"0,00","-0,75","2639,25",ca27f707-a042-4cc0-9059-a9d70f37bb3e
27-03-2026,11:26,ODAX P20000.00 17APR26,DE000F2BX3A6,ERX,XEUR,1,"138,0000",EUR,"-690,00",EUR,"-690,00",,"0,00","-0,75","-690,75",89de81b5-7239-4949-99ff-cb33aa2b6a77
27-03-2026,11:08,ODAX P20500.00 17APR26,DE000F2BX3M1,ERX,XEUR,-1,"195,0000",EUR,"975,00",EUR,"975,00",,"0,00","-0,75","974,25",3e837701-8bf3-438e-8544-1cdf8f55ebef
27-03-2026,11:00,ODAX P22000.00 17APR26,DE000F2BX191,ERX,XEUR,-1,"559,0000",EUR,"2795,00",EUR,"2795,00",,"0,00","-0,75","2794,25",8c795115-72e2-42dd-933e-d923511056ff
27-03-2026,10:59,ODAX P22500.00 17APR26,DE000F2BSLF5,ERX,XEUR,1,"763,0000",EUR,"-3815,00",EUR,"-3815,00",,"0,00","-0,75","-3815,75",1d31df45-4a3b-4ee3-ad7d-999d2d9347d1
27-03-2026,10:45,ODAX P22000.00 17APR26,DE000F2BX191,ERX,XEUR,-1,"540,0000",EUR,"2700,00",EUR,"2700,00",,"0,00","-0,75","2699,25",bc468da0-b539-4d06-ad62-97b148216476
27-03-2026,10:44,ODAX P20500.00 17APR26,DE000F2BX3M1,ERX,XEUR,1,"201,0000",EUR,"-1005,00",EUR,"-1005,00",,"0,00","-0,75","-1005,75",65c65075-0b0c-4a8e-815b-96ef81204366
27-03-2026,10:42,ODAX P20000.00 17APR26,DE000F2BX3A6,ERX,XEUR,1,"143,5000",EUR,"-717,50",EUR,"-717,50",,"0,00","-0,75","-718,25",9490e5bb-3a4c-4913-aee5-bd069f00a906
27-03-2026,10:41,ODAX P23000.00 17APR26,DE000F2AHGD5,ERX,XEUR,-1,"1006,0000",EUR,"5030,00",EUR,"5030,00",,"0,00","-0,75","5029,25",99290366-e9ba-451a-ac16-d4d43e57b5c6
27-03-2026,10:39,ODAX P22500.00 17APR26,DE000F2BSLF5,ERX,XEUR,2,"735,0000",EUR,"-7350,00",EUR,"-7350,00",,"0,00","-1,50","-7351,50",9fe2d60c-802d-45f6-9390-a9d2a43766bf
25-03-2026,17:29,ODAX P20500.00 17APR26,DE000F2BX3M1,ERX,XEUR,-1,"126,0000",EUR,"630,00",EUR,"630,00",,"0,00","-0,75","629,25",186da0cc-b916-427a-850f-219aa51fa76d
25-03-2026,17:29,ODAX P22000.00 17APR26,DE000F2BX191,ERX,XEUR,1,"346,0000",EUR,"-1730,00",EUR,"-1730,00",,"0,00","-0,75","-1730,75",bb5389d9-c79e-43b1-8862-eca0d2099fc9
25-03-2026,17:28,ODAX P20500.00 17APR26,DE000F2BX3M1,ERX,XEUR,-1,"128,0000",EUR,"640,00",EUR,"640,00",,"0,00","-0,75","639,25",85608e73-a443-4039-b62e-0912082d3930
25-03-2026,10:11,ODAX P22000.00 17APR26,DE000F2BX191,ERX,XEUR,-1,"290,0000",EUR,"1450,00",EUR,"1450,00",,"0,00","-0,75","1449,25",5ae39adb-2b10-476a-8bbf-ee99d33f6d5f
25-03-2026,09:53,ODAX P20500.00 17APR26,DE000F2BX3M1,ERX,XEUR,-2,"105,0000",EUR,"1050,00",EUR,"1050,00",,"0,00","-1,50","1048,50",98f00904-a7a1-4266-a51e-8c3e7e88f1f5
25-03-2026,09:52,ODAX P20000.00 17APR26,DE000F2BX3A6,ERX,XEUR,3,"74,0000",EUR,"-1110,00",EUR,"-1110,00",,"0,00","-2,25","-1112,25",9cd18e5e-e938-4bcd-ba58-65593c81fcc0
25-03-2026,09:35,ODAX P22000.00 17APR26,DE000F2BX191,ERX,XEUR,-1,"288,0000",EUR,"1440,00",EUR,"1440,00",,"0,00","-0,75","1439,25",ab52e069-2497-403d-b642-e80df106b02a
25-03-2026,09:34,ODAX P23000.00 17APR26,DE000F2AHGD5,ERX,XEUR,1,"575,0000",EUR,"-2875,00",EUR,"-2875,00",,"0,00","-0,75","-2875,75",f6a48f55-6366-41c3-b72c-aaa1d6f3450e
23-03-2026,14:28,ODAX P22500.00 17APR26,DE000F2BSLF5,ERX,XEUR,-1,"540,0000",EUR,"2700,00",EUR,"2700,00",,"0,00","-0,75","2699,25",f5f78032-73f8-4bf4-be35-20f99da2cf78
23-03-2026,14:18,ODAX P22000.00 17APR26,DE000F2BX191,ERX,XEUR,2,"385,0000",EUR,"-3850,00",EUR,"-3850,00",,"0,00","-1,50","-3851,50",66b02148-cb05-4c0c-ae8d-cac3c6f9bbc5
20-03-2026,14:40,ODAX P20500.00 17APR26,DE000F2BX3M1,ERX,XEUR,-1,"150,0000",EUR,"750,00",EUR,"750,00",,"0,00","-0,75","749,25",d8021762-347c-4bfd-a810-7131fb5117fa
20-03-2026,14:39,ODAX P20000.00 17APR26,DE000F2BX3A6,ERX,XEUR,1,"114,0000",EUR,"-570,00",EUR,"-570,00",,"0,00","-0,75","-570,75",e222ed97-65e4-47d0-a3af-b9eef0be8031
20-03-2026,13:23,ODAX P23000.00 20MAR26,DE000F1NG0R4,ERX,,1,"137,4100",EUR,"-687,05",EUR,"-687,05",,"0,00",,"-687,05",
20-03-2026,13:23,ODAX P22500.00 20MAR26,DE000F1VU7P5,ERX,,-1,"0,0000",EUR,"0,00",EUR,"0,00",,"0,00",,"0,00",
20-03-2026,13:23,ODAX P20500.00 20MAR26,DE000F1PS5J4,ERX,,-3,"0,0000",EUR,"0,00",EUR,"0,00",,"0,00",,"0,00",
20-03-2026,13:23,ODAX P22850.00 20MAR26,DE000F3CKBE2,ERX,,-1,"0,0000",EUR,"0,00",EUR,"0,00",,"0,00",,"0,00",
20-03-2026,13:23,ODAX P22750.00 20MAR26,DE000F3CKBC6,ERX,,-1,"0,0000",EUR,"0,00",EUR,"0,00",,"0,00",,"0,00",
20-03-2026,13:23,ODAX C23500.00 20MAR26,DE000F1WN4W6,ERX,,-1,"0,0000",EUR,"0,00",EUR,"0,00",,"0,00",,"0,00",
20-03-2026,13:23,ODAX C24300.00 20MAR26,DE000F1YWQ32,ERX,,-1,"0,0000",EUR,"0,00",EUR,"0,00",,"0,00",,"0,00",
20-03-2026,13:23,ODAX C23800.00 20MAR26,DE000F1NG0Y0,ERX,,-1,"0,0000",EUR,"0,00",EUR,"0,00",,"0,00",,"0,00",
20-03-2026,12:43,ODAX P22850.00 20MAR26,DE000F3CKBE2,ERX,XEUR,1,"12,5000",EUR,"-62,50",EUR,"-62,50",,"0,00","-0,75","-63,25",29cba3c9-b86e-4341-9992-ef5573971d04
20-03-2026,12:10,ODAX P22850.00 20MAR26,DE000F3CKBE2,ERX,XEUR,1,"27,0000",EUR,"-135,00",EUR,"-135,00",,"0,00","-0,75","-135,75",eae42349-aa7b-4506-b5f8-6ae14490b17d
19-03-2026,16:48,ODAX P22500.00 20MAR26,DE000F1VU7P5,ERX,XEUR,-2,"24,0000",EUR,"240,00",EUR,"240,00",,"0,00","-1,50","238,50",fd483f9c-eb87-4aa9-9fe5-52c6e295665e
19-03-2026,16:48,ODAX P22750.00 20MAR26,DE000F3CKBC6,ERX,XEUR,2,"77,0000",EUR,"-770,00",EUR,"-770,00",,"0,00","-1,50","-771,50",e464b163-fdcf-4484-af07-95cd08128abd
19-03-2026,15:42,ODAX P22750.00 20MAR26,DE000F3CKBC6,ERX,XEUR,1,"76,0000",EUR,"-380,00",EUR,"-380,00",,"0,00","-0,75","-380,75",8fa37413-67d5-473f-a98d-78f5e64c1a05
19-03-2026,15:41,ODAX P22850.00 20MAR26,DE000F3CKBE2,ERX,XEUR,-1,"105,0000",EUR,"525,00",EUR,"525,00",,"0,00","-0,75","524,25",42443f66-3c7d-4df7-a9fe-7cba13037332
19-03-2026,15:18,ODAX P22750.00 20MAR26,DE000F3CKBC6,ERX,XEUR,-1,"66,0000",EUR,"330,00",EUR,"330,00",,"0,00","-0,75","329,25",0fe6d393-0da0-41f7-acea-97db4d7e9e7d
19-03-2026,15:17,ODAX P23000.00 20MAR26,DE000F1NG0R4,ERX,XEUR,1,"170,0000",EUR,"-850,00",EUR,"-850,00",,"0,00","-0,75","-850,75",aecb7722-90f9-41ab-9aa2-c3da544671cd
19-03-2026,11:06,ODAX C23500.00 20MAR26,DE000F1WN4W6,ERX,XEUR,1,"21,5000",EUR,"-107,50",EUR,"-107,50",,"0,00","-0,75","-108,25",8fad72cc-30a7-4deb-9af2-d86c33871dee
19-03-2026,10:25,ODAX P23000.00 17APR26,DE000F2AHGD5,ERX,XEUR,-1,"690,0000",EUR,"3450,00",EUR,"3450,00",,"0,00","-0,75","3449,25",80d368b0-e146-4d65-bb77-69388111cf07
19-03-2026,10:18,ODAX C24100.00 20MAR26,DE000F1YWQZ8,ERX,XEUR,1,"2,0000",EUR,"-10,00",EUR,"-10,00",,"0,00","-0,75","-10,75",6279717a-b6ca-4c4c-8f46-380fff1cbda1
19-03-2026,09:57,ODAX P23000.00 20MAR26,DE000F1NG0R4,ERX,XEUR,-1,"183,0000",EUR,"915,00",EUR,"915,00",,"0,00","-0,75","914,25",5871e2b2-5877-413c-aab3-60c20fc8a421
19-03-2026,09:56,ODAX P22750.00 20MAR26,DE000F3CKBC6,ERX,XEUR,1,"87,0000",EUR,"-435,00",EUR,"-435,00",,"0,00","-0,75","-435,75",82159e1f-d44a-4db1-9484-107ca0525976
19-03-2026,09:30,ODAX P21500.00 20MAR26,DE000F1S9NN9,ERX,XEUR,3,"1,0000",EUR,"-15,00",EUR,"-15,00",,"0,00","-2,25","-17,25",bc552aae-84be-46ca-beff-1140eac9968f
19-03-2026,09:18,ODAX P23000.00 20MAR26,DE000F1NG0R4,ERX,XEUR,-1,"103,0000",EUR,"515,00",EUR,"515,00",,"0,00","-0,75","514,25",2e080435-cbd2-4b32-ac6f-2a69663c03dc
19-03-2026,09:17,ODAX P22750.00 20MAR26,DE000F3CKBC6,ERX,XEUR,1,"43,0000",EUR,"-215,00",EUR,"-215,00",,"0,00","-0,75","-215,75",8eb9f803-dd41-4f65-92eb-e4b9a123e6fb
18-03-2026,15:09,ODAX C24100.00 20MAR26,DE000F1YWQZ8,ERX,XEUR,1,"44,5000",EUR,"-222,50",EUR,"-222,50",,"0,00","-0,75","-223,25",b7e16fcc-6754-40cc-9319-d7443dc177c9
18-03-2026,12:16,ODAX P20500.00 20MAR26,DE000F1PS5J4,ERX,XEUR,-3,"0,1000",EUR,"1,50",EUR,"1,50",,"0,00","-2,25","-0,75",5fa27bbf-9219-473a-b3e3-af8b132bdf97
18-03-2026,12:04,ODAX P22500.00 17APR26,DE000F2BSLF5,ERX,XEUR,-1,"201,0000",EUR,"1005,00",EUR,"1005,00",,"0,00","-0,75","1004,25",e12eb316-546f-42ad-bfc9-6ae726cfbbdc
18-03-2026,12:03,ODAX P22000.00 17APR26,DE000F2BX191,ERX,XEUR,1,"142,0000",EUR,"-710,00",EUR,"-710,00",,"0,00","-0,75","-710,75",4f641dd6-024e-4540-9f28-a8b684cc9796
18-03-2026,12:02,ODAX P22500.00 17APR26,DE000F2BSLF5,ERX,XEUR,-1,"203,0000",EUR,"1015,00",EUR,"1015,00",,"0,00","-0,75","1014,25",aa4be295-299c-4277-9c6c-dabbdcf43026
18-03-2026,12:01,ODAX P23000.00 17APR26,DE000F2AHGD5,ERX,XEUR,1,"290,0000",EUR,"-1450,00",EUR,"-1450,00",,"0,00","-0,75","-1450,75",3693e402-4107-4692-ac1a-d40cdcf64d20
18-03-2026,10:55,ODAX P23650.00 20MAR26,DE000F3CKBW4,ERX,XEUR,1,"88,0000",EUR,"-440,00",EUR,"-440,00",,"0,00","-0,75","-440,75",d645cb9b-485e-48bc-b2d7-cf48d9c16886
18-03-2026,10:54,ODAX P23650.00 20MAR26,DE000F3CKBW4,ERX,XEUR,-1,"89,0000",EUR,"445,00",EUR,"445,00",,"0,00","-0,75","444,25",09ee670f-10c5-4182-a5ce-42b8bd5f9ba7
17-03-2026,15:39,ODAX P22750.00 20MAR26,DE000F3CKBC6,ERX,XEUR,-1,"19,0000",EUR,"95,00",EUR,"95,00",,"0,00","-0,75","94,25",bb4d7574-127b-421f-b87b-c1b0e3534503
17-03-2026,15:15,ODAX P22750.00 20MAR26,DE000F3CKBC6,ERX,XEUR,1,"21,0000",EUR,"-105,00",EUR,"-105,00",,"0,00","-0,75","-105,75",eb09522e-115a-4244-93ff-214fbfd3f6fe
17-03-2026,13:51,ODAX P22500.00 20MAR26,DE000F1VU7P5,ERX,XEUR,1,"15,5000",EUR,"-77,50",EUR,"-77,50",,"0,00","-0,75","-78,25",b0707db5-911f-43fb-be5e-be24338be2ab
17-03-2026,13:33,ODAX P21500.00 20MAR26,DE000F1S9NN9,ERX,XEUR,1,"3,1000",EUR,"-15,50",EUR,"-15,50",,"0,00","-0,75","-16,25",94f4103e-7010-4bf2-991e-ecf4796266b1
17-03-2026,13:30,ODAX P22200.00 20MAR26,DE000F1NG0H5,ERX,XEUR,-2,"8,0000",EUR,"80,00",EUR,"80,00",,"0,00","-1,50","78,50",05919093-321e-4a15-820f-3c95d3e7b0a3
17-03-2026,13:29,ODAX P22500.00 20MAR26,DE000F1VU7P5,ERX,XEUR,1,"15,5000",EUR,"-77,50",EUR,"-77,50",,"0,00","-0,75","-78,25",6ba5506c-3b20-4bc4-8f9a-d44a68585fee
17-03-2026,13:23,ODAX C24300.00 20MAR26,DE000F1YWQ32,ERX,XEUR,1,"40,5000",EUR,"-202,50",EUR,"-202,50",,"0,00","-0,75","-203,25",d8382153-e851-4d92-89a9-ff3f5cf7fc35
17-03-2026,13:21,ODAX C24100.00 20MAR26,DE000F1YWQZ8,ERX,XEUR,-1,"73,5000",EUR,"367,50",EUR,"367,50",,"0,00","-0,75","366,75",1cf84adb-6d36-449a-a80f-498c05728275
17-03-2026,13:19,ODAX P23000.00 20MAR26,DE000F1NG0R4,ERX,XEUR,1,"51,0000",EUR,"-255,00",EUR,"-255,00",,"0,00","-0,75","-255,75",4479f41e-060e-4f7c-b32c-577bfa16f50b
17-03-2026,13:04,ODAX P22750.00 20MAR26,DE000F3CKBC6,ERX,XEUR,-1,"30,5000",EUR,"152,50",EUR,"152,50",,"0,00","-0,75","151,75",23f2e4a4-bc14-4fa3-881a-292a76d2c68f
17-03-2026,13:00,ODAX P21500.00 20MAR26,DE000F1S9NN9,ERX,XEUR,1,"4,1000",EUR,"-20,50",EUR,"-20,50",,"0,00","-0,75","-21,25",7afab8be-544d-4722-977e-c9d872da543b
17-03-2026,12:55,ODAX P22500.00 20MAR26,DE000F1VU7P5,ERX,XEUR,-1,"19,3000",EUR,"96,50",EUR,"96,50",,"0,00","-0,75","95,75",302fbc7c-efdb-4cfc-8746-aa7d46d3408d
17-03-2026,12:54,ODAX P23000.00 20MAR26,DE000F1NG0R4,ERX,XEUR,1,"60,0000",EUR,"-300,00",EUR,"-300,00",,"0,00","-0,75","-300,75",c87751e9-1747-4061-b032-8184295b9040
17-03-2026,11:14,ODAX C24100.00 20MAR26,DE000F1YWQZ8,ERX,XEUR,-2,"60,0000",EUR,"600,00",EUR,"600,00",,"0,00","-1,50","598,50",aeb3b555-4d0e-483f-8c38-c28716ea58cb
17-03-2026,11:12,ODAX C24100.00 20MAR26,DE000F1YWQZ8,ERX,XEUR,1,"59,5000",EUR,"-297,50",EUR,"-297,50",,"0,00","-0,75","-298,25",98292782-f044-4bae-bf09-2a9ab61100ef
17-03-2026,11:11,ODAX C24200.00 20MAR26,DE000F1NG2C2,ERX,XEUR,1,"44,5000",EUR,"-222,50",EUR,"-222,50",,"0,00","-0,75","-223,25",c75cb295-5628-489e-861d-45a59d6ef9a2
17-03-2026,09:46,OCI C3.00 18SEP26,NLEX02420563,LFF,XEUE,1,"0,8000",EUR,"-80,00",EUR,"-80,00",,"0,00","-0,75","-80,75",7bd43a5c-3c24-4bb3-9c1f-f83af6018db7
16-03-2026,11:23,ODAX C23800.00 20MAR26,DE000F1NG0Y0,ERX,XEUR,1,"137,5000",EUR,"-687,50",EUR,"-687,50",,"0,00","-0,75","-688,25",1ad6f881-8983-4928-98ca-bd9fba04ba51
16-03-2026,11:20,ODAX C24000.00 20MAR26,DE000F1NG2A6,ERX,XEUR,-1,"81,5000",EUR,"407,50",EUR,"407,50",,"0,00","-0,75","406,75",1f54c82e-8dc0-4b22-a4a0-0fe50f3baf81
16-03-2026,10:59,ODAX P22750.00 20MAR26,DE000F3CKBC6,ERX,XEUR,-1,"138,0000",EUR,"690,00",EUR,"690,00",,"0,00","-0,75","689,25",01d00bc2-9814-4269-b030-a10f1ebdd971
16-03-2026,10:59,ODAX P21000.00 20MAR26,DE000F1F3U61,ERX,XEUR,1,"12,0000",EUR,"-60,00",EUR,"-60,00",,"0,00","-0,75","-60,75",6df92438-f695-4040-957f-138e2fecd1d0
16-03-2026,10:58,ODAX P22500.00 20MAR26,DE000F1VU7P5,ERX,XEUR,-1,"95,0000",EUR,"475,00",EUR,"475,00",,"0,00","-0,75","474,25",16bd9662-6a04-4d7c-ab93-9e5c0134687d
16-03-2026,10:57,ODAX P23000.00 20MAR26,DE000F1NG0R4,ERX,XEUR,1,"197,5000",EUR,"-987,50",EUR,"-987,50",,"0,00","-0,75","-988,25",9b875831-ec36-4510-bd53-28596ebb1b98
16-03-2026,10:49,ODAX P21500.00 20MAR26,DE000F1S9NN9,ERX,XEUR,-1,"21,0000",EUR,"105,00",EUR,"105,00",,"0,00","-0,75","104,25",5156a8b8-6833-4cf6-bf86-a0dccfcd4b22
16-03-2026,10:47,ODAX P22750.00 20MAR26,DE000F3CKBC6,ERX,XEUR,-1,"130,0000",EUR,"650,00",EUR,"650,00",,"0,00","-0,75","649,25",2a18fee1-bc37-4411-a3e1-c4be8ec408a4
16-03-2026,10:40,ODAX P22500.00 20MAR26,DE000F1VU7P5,ERX,XEUR,1,"92,0000",EUR,"-460,00",EUR,"-460,00",,"0,00","-0,75","-460,75",b0df5987-2d31-4f9b-b40c-39bbbd611c44
16-03-2026,10:39,ODAX P22500.00 20MAR26,DE000F1VU7P5,ERX,XEUR,1,"92,0000",EUR,"-460,00",EUR,"-460,00",,"0,00","-0,75","-460,75",ade94054-4acc-4bcf-b2da-ccdc10492da3
16-03-2026,10:34,ODAX P22500.00 20MAR26,DE000F1VU7P5,ERX,XEUR,-2,"94,5000",EUR,"945,00",EUR,"945,00",,"0,00","-1,50","943,50",bb139775-24bc-4175-8561-b7b47a01846e
16-03-2026,10:34,ODAX P22200.00 20MAR26,DE000F1NG0H5,ERX,XEUR,2,"60,5000",EUR,"-605,00",EUR,"-605,00",,"0,00","-1,50","-606,50",f366e5ad-43a7-445a-9829-806800c3c9b6
13-03-2026,11:45,ODAX P24500.00 20MAR26,DE000F1YWQ99,ERX,XEUR,-1,"1072,0000",EUR,"5360,00",EUR,"5360,00",,"0,00","-0,75","5359,25",54931a28-8e94-4405-b135-b76a7151cee7
13-03-2026,11:44,ODAX P24250.00 20MAR26,DE000F3CKB86,ERX,XEUR,1,"864,0000",EUR,"-4320,00",EUR,"-4320,00",,"0,00","-0,75","-4320,75",0fd6d94b-18d3-4cfe-b602-0b82f8752425
13-03-2026,11:26,ODAX C24200.00 20MAR26,DE000F1NG2C2,ERX,XEUR,-1,"103,0000",EUR,"515,00",EUR,"515,00",,"0,00","-0,75","514,25",5823873f-ac4f-48c7-899c-bf56db574253
13-03-2026,11:10,ODAX C24100.00 20MAR26,DE000F1YWQZ8,ERX,XEUR,1,"122,0000",EUR,"-610,00",EUR,"-610,00",,"0,00","-0,75","-610,75",6a6e798a-296d-41e7-bc7e-0f7ac4e94f40
13-03-2026,09:21,RD P35.00 19JUN26,NLEN20691361,LFF,XEUE,1,"0,8100",EUR,"-81,00",EUR,"-81,00",,"0,00","-0,75","-81,75",e6e23c90-1842-4a19-aa9f-e311a93482e2
12-03-2026,14:18,ODAX P22500.00 17APR26,DE000F2BSLF5,ERX,XEUR,-1,"384,0000",EUR,"1920,00",EUR,"1920,00",,"0,00","-0,75","1919,25",6de8fabb-f6bd-43ff-9b32-1ff3702b7abc
12-03-2026,14:17,ODAX P22000.00 17APR26,DE000F2BX191,ERX,XEUR,1,"292,0000",EUR,"-1460,00",EUR,"-1460,00",,"0,00","-0,75","-1460,75",209d8e0e-d5b9-4f86-b948-97ee6f0f38ee
12-03-2026,14:10,ODAX P21000.00 20MAR26,DE000F1F3U61,ERX,XEUR,1,"27,5000",EUR,"-137,50",EUR,"-137,50",,"0,00","-0,75","-138,25",b01849ee-fce4-4a7f-9bf1-db393a847662
12-03-2026,13:26,ODAX P22000.00 20MAR26,DE000F1NG0F9,ERX,XEUR,-1,"73,0000",EUR,"365,00",EUR,"365,00",,"0,00","-0,75","364,25",aa79011a-7cc3-4dad-be11-763f6d128ede
12-03-2026,13:09,ODAX P22000.00 20MAR26,DE000F1NG0F9,ERX,XEUR,-1,"75,0000",EUR,"375,00",EUR,"375,00",,"0,00","-0,75","374,25",d30b7445-99d5-4008-a48f-5ebb9d21379d
12-03-2026,12:55,ODAX P23000.00 20MAR26,DE000F1NG0R4,ERX,XEUR,1,"195,5000",EUR,"-977,50",EUR,"-977,50",,"0,00","-0,75","-978,25",a0246d37-3b31-4663-8046-023627bfbf98
12-03-2026,12:33,ODAX P22500.00 20MAR26,DE000F1VU7P5,ERX,XEUR,-1,"101,0000",EUR,"505,00",EUR,"505,00",,"0,00","-0,75","504,25",a81edaeb-85aa-4329-b633-6a6c7bd08814
12-03-2026,12:31,ODAX P22000.00 20MAR26,DE000F1NG0F9,ERX,XEUR,2,"57,0000",EUR,"-570,00",EUR,"-570,00",,"0,00","-1,50","-571,50",2bbe55d3-00db-44d8-ab43-8d2ab405689f
12-03-2026,12:06,RD P35.00 19JUN26,NLEN20691361,LFF,XEUE,1,"1,0500",EUR,"-105,00",EUR,"-105,00",,"0,00","-0,75","-105,75",5a5d29a9-0b46-4f66-b98f-fb86013d1f42
11-03-2026,13:55,ODAX2 P23900.00 13MAR26,DE000F2CY9R5,ERX,XEUR,-1,"415,0000",EUR,"2075,00",EUR,"2075,00",,"0,00","-0,75","2074,25",947c23af-7de6-4087-be1d-68cfbb5a7504
11-03-2026,13:54,ODAX2 P23750.00 13MAR26,DE000F2CY9K0,ERX,XEUR,1,"327,0000",EUR,"-1635,00",EUR,"-1635,00",,"0,00","-0,75","-1635,75",8859b3e1-80ca-4a8a-b333-df675d21ecca
11-03-2026,13:50,ODAX C24100.00 20MAR26,DE000F1YWQZ8,ERX,XEUR,-1,"188,0000",EUR,"940,00",EUR,"940,00",,"0,00","-0,75","939,25",9bb00bff-86c6-4f7c-a79b-affd0cb20f61
11-03-2026,13:43,ODAX C24000.00 20MAR26,DE000F1NG2A6,ERX,XEUR,1,"237,0000",EUR,"-1185,00",EUR,"-1185,00",,"0,00","-0,75","-1185,75",20e1c618-337a-4b50-be84-2a82adf48a5a
10-03-2026,15:55,ODAX P22750.00 20MAR26,DE000F3CKBC6,ERX,XEUR,-1,"107,0000",EUR,"535,00",EUR,"535,00",,"0,00","-0,75","534,25",7e41d5c4-52a1-4bf2-b45c-946edd24bab7
10-03-2026,14:27,ODAX P22750.00 20MAR26,DE000F3CKBC6,ERX,XEUR,1,"129,0000",EUR,"-645,00",EUR,"-645,00",,"0,00","-0,75","-645,75",64e84dca-ff4d-437b-8fce-0c364b326c80
10-03-2026,13:48,ODAX P22750.00 20MAR26,DE000F3CKBC6,ERX,XEUR,-1,"141,0000",EUR,"705,00",EUR,"705,00",,"0,00","-0,75","704,25",cb67dba3-aa95-4acc-8e58-16f8d74d6014
10-03-2026,13:20,ODAX P22750.00 20MAR26,DE000F3CKBC6,ERX,XEUR,-1,"153,0000",EUR,"765,00",EUR,"765,00",,"0,00","-0,75","764,25",e350b50e-5e94-486f-bdb9-6f705bc954c5
10-03-2026,12:49,ODAX P22750.00 20MAR26,DE000F3CKBC6,ERX,XEUR,2,"139,0000",EUR,"-1390,00",EUR,"-1390,00",,"0,00","-1,50","-1391,50",6bd69b4b-e4b9-4335-8b26-a668ac184dce
10-03-2026,09:50,ODAX P21500.00 20MAR26,DE000F1S9NN9,ERX,XEUR,-1,"31,0000",EUR,"155,00",EUR,"155,00",,"0,00","-0,75","154,25",20dbdee3-a9c8-4646-ae09-b9d1c27b5047
10-03-2026,09:49,ODAX P21000.00 20MAR26,DE000F1F3U61,ERX,XEUR,1,"17,5000",EUR,"-87,50",EUR,"-87,50",,"0,00","-0,75","-88,25",baac9d9d-8cb8-4520-ac9a-5f5ce9796201
10-03-2026,09:45,ODAX C24000.00 20MAR26,DE000F1NG2A6,ERX,XEUR,-1,"398,0000",EUR,"1990,00",EUR,"1990,00",,"0,00","-0,75","1989,25",14bdc18e-a5d0-42b9-9645-68b0c070f58a
10-03-2026,09:44,ODAX C24200.00 20MAR26,DE000F1NG2C2,ERX,XEUR,1,"290,0000",EUR,"-1450,00",EUR,"-1450,00",,"0,00","-0,75","-1450,75",496bf7d7-b425-4d3e-a7cd-dfe6c9b7a4be
09-03-2026,09:50,ODAX C24200.00 20MAR26,DE000F1NG2C2,ERX,XEUR,-1,"103,0000",EUR,"515,00",EUR,"515,00",,"0,00","-0,75","514,25",fd145458-d9c6-4944-aa4c-50949ad7150d
09-03-2026,09:49,ODAX C24000.00 20MAR26,DE000F1NG2A6,ERX,XEUR,1,"148,0000",EUR,"-740,00",EUR,"-740,00",,"0,00","-0,75","-740,75",a6ec4e50-5d78-44df-a3fd-a3b63d73c4af
05-03-2026,09:56,ODAX1 P24000.00 06MAR26,DE000F2B9R34,ERX,XEUR,-1,"96,0000",EUR,"480,00",EUR,"480,00",,"0,00","-0,75","479,25",3773f65d-7865-4f0a-aed7-d244640a844f
05-03-2026,09:45,ODAX1 P24000.00 06MAR26,DE000F2B9R34,ERX,XEUR,1,"125,0000",EUR,"-625,00",EUR,"-625,00",,"0,00","-0,75","-625,75",0ca49e26-5d31-44ee-b19f-900a6b837ddd
05-03-2026,09:36,ODAX1 P23700.00 06MAR26,DE000F2B9RR9,ERX,XEUR,-1,"49,0000",EUR,"245,00",EUR,"245,00",,"0,00","-0,75","244,25",59418906-6aa6-43f3-8a7b-b85c61ee34f5
05-03-2026,09:35,ODAX1 P23550.00 06MAR26,DE000F2B9RK4,ERX,XEUR,1,"30,5000",EUR,"-152,50",EUR,"-152,50",,"0,00","-0,75","-153,25",f6245689-8291-4a91-860a-7231baebc3e8
04-03-2026,16:38,ODAX2 P23750.00 13MAR26,DE000F2CY9K0,ERX,XEUR,-1,"200,0000",EUR,"1000,00",EUR,"1000,00",,"0,00","-0,75","999,25",4e4149b4-517a-4339-b79d-bb884560d5e6
04-03-2026,16:37,ODAX2 P23900.00 13MAR26,DE000F2CY9R5,ERX,XEUR,1,"237,0000",EUR,"-1185,00",EUR,"-1185,00",,"0,00","-0,75","-1185,75",e107ee31-755f-4a2d-8880-a478e56328de
04-03-2026,15:20,ODAX1 P23550.00 06MAR26,DE000F2B9RK4,ERX,XEUR,-1,"48,5000",EUR,"242,50",EUR,"242,50",,"0,00","-0,75","241,75",65a89aca-181e-4a1f-83fe-e997eb2da25f
04-03-2026,15:18,ODAX1 P23700.00 06MAR26,DE000F2B9RR9,ERX,XEUR,1,"71,5000",EUR,"-357,50",EUR,"-357,50",,"0,00","-0,75","-358,25",0f78bbda-912d-4585-b8a2-8c2ba1105199
04-03-2026,09:50,ODAX P21500.00 20MAR26,DE000F1S9NN9,ERX,XEUR,-1,"80,0000",EUR,"400,00",EUR,"400,00",,"0,00","-0,75","399,25",a51a3797-6ce9-4346-a38b-8b907ba953c2
04-03-2026,09:46,ODAX P20500.00 20MAR26,DE000F1PS5J4,ERX,XEUR,1,"42,5000",EUR,"-212,50",EUR,"-212,50",,"0,00","-0,75","-213,25",7dfd940f-1433-4a85-b7e1-aaedb79ed410
04-03-2026,09:37,ODAX P23000.00 20MAR26,DE000F1NG0R4,ERX,XEUR,-1,"249,0000",EUR,"1245,00",EUR,"1245,00",,"0,00","-0,75","1244,25",5bbcab95-2c97-43c6-aa44-47977e863abc
04-03-2026,09:36,ODAX P23500.00 20MAR26,DE000F1WN4Y2,ERX,XEUR,1,"362,0000",EUR,"-1810,00",EUR,"-1810,00",,"0,00","-0,75","-1810,75",df939039-3103-437d-b45d-f7abf8d2fa62
03-03-2026,16:21,ODAX P21000.00 20MAR26,DE000F1F3U61,ERX,XEUR,-1,"84,5000",EUR,"422,50",EUR,"422,50",,"0,00","-0,75","421,75",7cf909c0-124c-4434-b3b8-1ffc945be258
03-03-2026,16:20,ODAX P20500.00 20MAR26,DE000F1PS5J4,ERX,XEUR,1,"63,0000",EUR,"-315,00",EUR,"-315,00",,"0,00","-0,75","-315,75",0b835d44-6982-4e12-ad48-1802666c83c5
03-03-2026,10:05,ODAX P21500.00 20MAR26,DE000F1S9NN9,ERX,XEUR,-1,"81,0000",EUR,"405,00",EUR,"405,00",,"0,00","-0,75","404,25",8d662171-af18-4363-a330-1b7097d9225d
03-03-2026,10:05,ODAX P21000.00 20MAR26,DE000F1F3U61,ERX,XEUR,-1,"58,0000",EUR,"290,00",EUR,"290,00",,"0,00","-0,75","289,25",26c9152a-a463-4ec2-a3e5-db4b3f73b302
03-03-2026,10:03,ODAX P20500.00 20MAR26,DE000F1PS5J4,ERX,XEUR,2,"45,0000",EUR,"-450,00",EUR,"-450,00",,"0,00","-1,50","-451,50",6c592059-fa7a-48a5-8a72-0fa009202bbc
02-03-2026,10:57,ODAX P22500.00 17APR26,DE000F2BSLF5,ERX,XEUR,-1,"157,0000",EUR,"785,00",EUR,"785,00",,"0,00","-0,75","784,25",16846a07-9037-4a3c-82c0-10ea75a87352
02-03-2026,10:56,ODAX P22000.00 17APR26,DE000F2BX191,ERX,XEUR,1,"121,0000",EUR,"-605,00",EUR,"-605,00",,"0,00","-0,75","-605,75",a3ec0150-7d46-4e3f-b9b7-f5e5aee66e16
02-03-2026,10:10,ODAX P22500.00 17APR26,DE000F2BSLF5,ERX,XEUR,-1,"170,0000",EUR,"850,00",EUR,"850,00",,"0,00","-0,75","849,25",eac63b9a-2502-46c4-a3d3-43ca28a5279d
02-03-2026,10:08,ODAX P21950.00 17APR26,DE000F2BX175,ERX,XEUR,1,"135,0000",EUR,"-675,00",EUR,"-675,00",,"0,00","-0,75","-675,75",b5e86d38-e3ed-4b56-baab-406ff57cef7c
26-02-2026,09:32,ODAX P21950.00 17APR26,DE000F2BX175,ERX,XEUR,-1,"68,0000",EUR,"340,00",EUR,"340,00",,"0,00","-0,75","339,25",d01735cc-00b7-4e78-87ea-08e38c7fb359
26-02-2026,09:28,ODAX P22500.00 17APR26,DE000F2BSLF5,ERX,XEUR,-1,"89,0000",EUR,"445,00",EUR,"445,00",,"0,00","-0,75","444,25",f5fec609-b255-4105-aaed-71bab433b2a0
26-02-2026,09:27,ODAX P22000.00 17APR26,DE000F2BX191,ERX,XEUR,2,"69,0000",EUR,"-690,00",EUR,"-690,00",,"0,00","-1,50","-691,50",e32ae8c3-d093-4c82-836e-8eca8e1dc645
26-02-2026,09:12,ODAX P22500.00 17APR26,DE000F2BSLF5,ERX,XEUR,-1,"90,0000",EUR,"450,00",EUR,"450,00",,"0,00","-0,75","449,25",4c3a9dce-d1da-41db-add4-36eb4c95f343
26-02-2026,09:11,ODAX P22000.00 17APR26,DE000F2BX191,ERX,XEUR,1,"70,0000",EUR,"-350,00",EUR,"-350,00",,"0,00","-0,75","-350,75",e28ec466-993d-49d1-ac3c-6e88fd4e13fd
20-02-2026,13:29,ODAX P19000.00 20FEB26,DE000F3AHTL9,ERX,,-2,"0,0000",EUR,"0,00",EUR,"0,00",,"0,00",,"0,00",
20-02-2026,10:43,SAP C170.00 20FEB26,DE000F2805N9,ERX,XEUR,-1,"1,0500",EUR,"105,00",EUR,"105,00",,"0,00","-0,75","104,25",7a6dbf71-24f4-4b7a-8ec5-e46a321e4826
20-02-2026,10:37,SAP C172.00 20FEB26,DE000F2805Q2,ERX,XEUR,1,"0,3700",EUR,"-37,00",EUR,"-37,00",,"0,00","-0,75","-37,75",9ef21fd5-211b-492f-8382-900215bda90e
19-02-2026,16:22,ODAX P22250.00 20FEB26,DE000F28XVW7,ERX,XEUR,-4,"0,1000",EUR,"2,00",EUR,"2,00",,"0,00","-3,00","-1,00",4fece028-8509-45db-be0e-fc22a5d6d43a
19-02-2026,10:18,SAP C164.00 20FEB26,DE000F2BST07,ERX,XEUR,-1,"9,3000",EUR,"930,00",EUR,"930,00",,"0,00","-0,75","929,25",238caca6-3fc0-4f9d-a1bb-c6d9a020b7cf
19-02-2026,10:17,SAP C170.00 20FEB26,DE000F2805N9,ERX,XEUR,1,"3,9000",EUR,"-390,00",EUR,"-390,00",,"0,00","-0,75","-390,75",869c2bd1-22aa-4c69-a68f-3ae56ce05d12
19-02-2026,10:12,ODAX P22750.00 20FEB26,DE000F28XW32,ERX,XEUR,2,"0,2000",EUR,"-2,00",EUR,"-2,00",,"0,00","-1,50","-3,50",789ff88e-7bca-48f8-91e5-2fbd7b262598
19-02-2026,09:38,ADY C1020.00 20FEB26,NLEX03406546,LFF,XEUE,-1,"5,7000",EUR,"57,00",EUR,"57,00",,"0,00","-0,75","56,25",ae8abcab-2cec-49bb-8a7a-7c0e46e40872
18-02-2026,15:48,ADY C970.00 20FEB26,NLEX03455691,LFF,XEUE,-1,"28,5000",EUR,"285,00",EUR,"285,00",,"0,00","-0,75","284,25",47606743-9672-4298-baac-e671e3e7550f
18-02-2026,15:42,ADY C1020.00 20FEB26,NLEX03406546,LFF,XEUE,1,"5,9000",EUR,"-59,00",EUR,"-59,00",,"0,00","-0,75","-59,75",20b46ad9-4210-4a89-ab29-691fa6fd30c7
18-02-2026,15:09,ODAX P23000.00 20MAR26,DE000F1NG0R4,ERX,XEUR,-1,"67,5000",EUR,"337,50",EUR,"337,50",,"0,00","-0,75","336,75",e35874df-9fad-4dd7-9e38-5290067091e9
18-02-2026,14:38,ODAX P23000.00 20MAR26,DE000F1NG0R4,ERX,XEUR,-1,"63,5000",EUR,"317,50",EUR,"317,50",,"0,00","-0,75","316,75",a2003475-6cd3-4c24-b622-f32a2ddaad13
18-02-2026,14:36,ODAX P22500.00 20MAR26,DE000F1VU7P5,ERX,XEUR,2,"47,0000",EUR,"-470,00",EUR,"-470,00",,"0,00","-1,50","-471,50",b268f31a-b652-4d28-a19b-1a1559a4cd07
18-02-2026,14:20,ODAX P23750.00 20FEB26,DE000F28XZF3,ERX,XEUR,1,"1,7000",EUR,"-8,50",EUR,"-8,50",,"0,00","-0,75","-9,25",840f7cb5-adca-4ccc-ab37-f2b49764e4ba
18-02-2026,14:12,ODAX P24250.00 20MAR26,DE000F3CKB86,ERX,XEUR,-1,"168,0000",EUR,"840,00",EUR,"840,00",,"0,00","-0,75","839,25",580b3eda-ccaf-46e2-81ec-3682cdbc175e
18-02-2026,14:11,ODAX P24500.00 20MAR26,DE000F1YWQ99,ERX,XEUR,1,"212,0000",EUR,"-1060,00",EUR,"-1060,00",,"0,00","-0,75","-1060,75",e9f457df-f8ae-4e9a-a1dc-536e4f8550cd
18-02-2026,14:10,ODAX P23500.00 20FEB26,DE000F28XYU5,ERX,XEUR,1,"1,1000",EUR,"-5,50",EUR,"-5,50",,"0,00","-0,75","-6,25",ac03cc3a-5e75-4c43-a9d1-2af752119e28
17-02-2026,15:49,SAP C172.00 20FEB26,DE000F2805Q2,ERX,XEUR,-1,"1,7500",EUR,"175,00",EUR,"175,00",,"0,00","-0,75","174,25",c52795db-2a7c-4ec8-b225-1c4f9837c930
17-02-2026,09:17,SAP C174.00 20FEB26,DE000F2805S8,ERX,XEUR,1,"0,8500",EUR,"-85,00",EUR,"-85,00",,"0,00","-0,75","-85,75",779426ce-522a-407f-bbac-e1293a8d6e87
16-02-2026,09:17,ADY C970.00 20FEB26,NLEX03455691,LFF,XEUE,1,"7,7000",EUR,"-77,00",EUR,"-77,00",,"0,00","-0,75","-77,75",e6f8112b-7cf6-4378-9324-dd72f7ae91f7
13-02-2026,17:08,ADY C970.00 20FEB26,NLEX03455691,LFF,XEUE,-1,"8,0000",EUR,"80,00",EUR,"80,00",,"0,00","-0,75","79,25",4ce5b312-213c-4220-a54a-a834f991dafb
13-02-2026,13:56,ODAX P22750.00 20FEB26,DE000F28XW32,ERX,XEUR,-1,"10,0000",EUR,"50,00",EUR,"50,00",,"0,00","-0,75","49,25",31bc4caa-c3f7-41c0-8bb4-1b8e7cee8f12
13-02-2026,13:52,ODAX P23750.00 20FEB26,DE000F28XZF3,ERX,XEUR,1,"35,0000",EUR,"-175,00",EUR,"-175,00",,"0,00","-0,75","-175,75",49526cbf-955d-4ca0-a276-be7e1dee6409
13-02-2026,11:59,SAP C174.00 20FEB26,DE000F2805S8,ERX,XEUR,-1,"2,7500",EUR,"275,00",EUR,"275,00",,"0,00","-0,75","274,25",0f4234dd-ac5b-4059-888e-b8d003df82e3
13-02-2026,10:13,SAP C174.00 20FEB26,DE000F2805S8,ERX,XEUR,1,"1,9500",EUR,"-195,00",EUR,"-195,00",,"0,00","-0,75","-195,75",7c48a7e9-59ad-492f-b51e-7ff0e4231d26
13-02-2026,09:41,ADY C970.00 20FEB26,NLEX03455691,LFF,XEUE,1,"13,0000",EUR,"-130,00",EUR,"-130,00",,"0,00","-0,75","-130,75",a274d761-dc45-44b4-a8da-b952fd31db7f
13-02-2026,09:34,ADY C1000.00 20FEB26,NLEX02836115,LFF,XEUE,-1,"6,4000",EUR,"64,00",EUR,"64,00",,"0,00","-0,75","63,25",3bf47b8f-126a-4d63-83b4-0aa974449499
13-02-2026,09:32,ADY C1040.00 20FEB26,NLEX03406561,LFF,XEUE,-1,"3,3000",EUR,"33,00",EUR,"33,00",,"0,00","-0,75","32,25",35af552c-658b-45fb-b3b0-504f2512641d
13-02-2026,09:07,ODAX P23750.00 20FEB26,DE000F28XZF3,ERX,XEUR,-1,"31,0000",EUR,"155,00",EUR,"155,00",,"0,00","-0,75","154,25",5cd1e499-2b63-4af9-a1a9-b138459eb708
13-02-2026,09:07,ODAX P22750.00 20FEB26,DE000F28XW32,ERX,XEUR,1,"11,0000",EUR,"-55,00",EUR,"-55,00",,"0,00","-0,75","-55,75",c669e745-7120-4135-8fd5-676be6503361
12-02-2026,17:28,ODAX P24250.00 20FEB26,DE000F28X0N8,ERX,XEUR,-1,"84,5000",EUR,"422,50",EUR,"422,50",,"0,00","-0,75","421,75",c9f15183-e434-4bd5-a0a6-7f76838d7386
12-02-2026,17:27,ODAX P22750.00 20FEB26,DE000F28XW32,ERX,XEUR,1,"11,6000",EUR,"-58,00",EUR,"-58,00",,"0,00","-0,75","-58,75",c776cab2-57de-4ae5-a64c-8a586dc07eeb
12-02-2026,17:13,SIE P250.00 20FEB26,DE000F284RB7,ERX,XEUR,-1,"3,2000",EUR,"320,00",EUR,"320,00",,"0,00","-0,75","319,25",15c29ee1-00a1-44d8-b4c1-c45665cba8ab
12-02-2026,16:51,ADY C1000.00 20FEB26,NLEX02836115,LFF,XEUE,1,"14,7500",EUR,"-147,50",EUR,"-147,50",,"0,00","-0,75","-148,25",68ba9b9a-56cc-4371-9573-3da8be30ad04
12-02-2026,16:22,ODAX P22750.00 20FEB26,DE000F28XW32,ERX,XEUR,1,"4,2000",EUR,"-21,00",EUR,"-21,00",,"0,00","-0,75","-21,75",22258ae4-45c6-4645-96fd-065d8bbbab7f
12-02-2026,15:25,ADY C1040.00 20FEB26,NLEX03406561,LFF,XEUE,1,"13,0000",EUR,"-130,00",EUR,"-130,00",,"0,00","-0,75","-130,75",e9b9b2e8-1405-4511-a899-1b37f04395b5
12-02-2026,15:17,SIE P250.00 20FEB26,DE000F284RB7,ERX,XEUR,1,"0,8600",EUR,"-86,00",EUR,"-86,00",,"0,00","-0,75","-86,75",6091943f-4edf-4056-9209-054265ba92c6
12-02-2026,15:00,ODAX P23500.00 20FEB26,DE000F28XYU5,ERX,XEUR,-2,"7,5000",EUR,"75,00",EUR,"75,00",,"0,00","-1,50","73,50",f4a3d55a-8be5-4d02-b072-ccac773b116c
12-02-2026,14:58,ODAX P24000.00 20FEB26,DE000F28XZ13,ERX,XEUR,1,"14,0000",EUR,"-70,00",EUR,"-70,00",,"0,00","-0,75","-70,75",38e17dc8-ed86-4ba5-bb02-24bb9bcbdb58
12-02-2026,12:59,SAP C174.00 20FEB26,DE000F2805S8,ERX,XEUR,-1,"2,3000",EUR,"230,00",EUR,"230,00",,"0,00","-0,75","229,25",e0dd987b-f79a-4e87-b8eb-2cca2f2ba4fd
12-02-2026,11:44,SAP C174.00 20FEB26,DE000F2805S8,ERX,XEUR,-1,"2,5000",EUR,"250,00",EUR,"250,00",,"0,00","-0,75","249,25",5b6a3711-5304-447f-9c02-e80c4e361004
12-02-2026,09:34,SAP C174.00 20FEB26,DE000F2805S8,ERX,XEUR,1,"1,8900",EUR,"-189,00",EUR,"-189,00",,"0,00","-0,75","-189,75",d02ab214-d6cf-4138-95f8-c8617e169d96
12-02-2026,09:13,SAP C174.00 20FEB26,DE000F2805S8,ERX,XEUR,1,"2,5500",EUR,"-255,00",EUR,"-255,00",,"0,00","-0,75","-255,75",0ff034ab-25da-4490-8a99-7e67403ed58b
11-02-2026,12:54,ODAX P23000.00 20MAR26,DE000F1NG0R4,ERX,XEUR,-1,"89,0000",EUR,"445,00",EUR,"445,00",,"0,00","-0,75","444,25",dcd876b9-96a6-441b-bda7-0a915d59b420
11-02-2026,12:52,ODAX P22500.00 20MAR26,DE000F1VU7P5,ERX,XEUR,1,"64,5000",EUR,"-322,50",EUR,"-322,50",,"0,00","-0,75","-323,25",e76495ed-9f4f-4837-a01d-decbf1e9e94b
11-02-2026,12:30,ODAX P23500.00 20FEB26,DE000F28XYU5,ERX,XEUR,1,"16,4000",EUR,"-82,00",EUR,"-82,00",,"0,00","-0,75","-82,75",3b6223a0-5431-4472-b7ce-4944b8759037
11-02-2026,12:29,ODAX P23750.00 20FEB26,DE000F28XZF3,ERX,XEUR,-1,"23,0000",EUR,"115,00",EUR,"115,00",,"0,00","-0,75","114,25",34a8626e-d66d-4566-9b68-cc45eec7ad38
11-02-2026,12:19,ODAX P20500.00 20FEB26,DE000F3AAY91,ERX,XEUR,2,"1,3000",EUR,"-13,00",EUR,"-13,00",,"0,00","-1,50","-14,50",9df905cd-7504-470a-9fe3-e5696f61a26f
06-02-2026,15:00,SAP C174.00 20FEB26,DE000F2805S8,ERX,XEUR,-1,"3,0000",EUR,"300,00",EUR,"300,00",,"0,00","-0,75","299,25",df0eaf8b-8c18-48c2-967a-07f8200b0e90
06-02-2026,09:52,SAP C174.00 20FEB26,DE000F2805S8,ERX,XEUR,1,"2,8000",EUR,"-280,00",EUR,"-280,00",,"0,00","-0,75","-280,75",d25ed168-7bb8-42d1-87c4-5349a5dc0b4c
05-02-2026,10:32,SAP C174.00 20FEB26,DE000F2805S8,ERX,XEUR,-1,"5,0000",EUR,"500,00",EUR,"500,00",,"0,00","-0,75","499,25",0c40df97-d3db-4f8c-8525-b7a93950d9b9
04-02-2026,10:32,SAP C170.00 20FEB26,DE000F2805N9,ERX,XEUR,-1,"2,1000",EUR,"210,00",EUR,"210,00",,"0,00","-0,75","209,25",82dcede4-831d-4c98-8ffb-ea141dcd3c64
04-02-2026,10:29,SAP C164.00 20FEB26,DE000F2BST07,ERX,XEUR,1,"4,3500",EUR,"-435,00",EUR,"-435,00",,"0,00","-0,75","-435,75",ac87a794-6285-44c7-9216-58fce7f90154
04-02-2026,10:08,SAP C164.00 20FEB26,DE000F2BST07,ERX,XEUR,1,"3,7000",EUR,"-370,00",EUR,"-370,00",,"0,00","-0,75","-370,75",231bb2a0-299d-48d7-9ae8-d2805a70a666
04-02-2026,10:08,SAP C164.00 20FEB26,DE000F2BST07,ERX,XEUR,-1,"3,5000",EUR,"350,00",EUR,"350,00",,"0,00","-0,75","349,25",8507a18d-92a7-4e0b-8622-a6e7d9cf1357
03-02-2026,16:20,SAP C170.00 20FEB26,DE000F2805N9,ERX,XEUR,1,"3,7000",EUR,"-370,00",EUR,"-370,00",,"0,00","-0,75","-370,75",06905e6d-d72c-4b26-a4ae-1228da6a3632
03-02-2026,16:14,SAP C170.00 20FEB26,DE000F2805N9,ERX,XEUR,-1,"3,5000",EUR,"350,00",EUR,"350,00",,"0,00","-0,75","349,25",70232d63-70d9-463c-983f-ee92f67924a3
03-02-2026,15:53,SAP C170.00 20FEB26,DE000F2805N9,ERX,XEUR,1,"4,0000",EUR,"-400,00",EUR,"-400,00",,"0,00","-0,75","-400,75",aebb15cc-20e1-4261-8d4a-ce6cf1c78675
03-02-2026,15:46,SAP C176.00 20FEB26,DE000F2805U4,ERX,XEUR,-1,"1,9500",EUR,"195,00",EUR,"195,00",,"0,00","-0,75","194,25",e6905528-5c6a-4258-af43-5005da44aff2
02-02-2026,09:26,ODAX P23000.00 20FEB26,DE000F28XXP7,ERX,XEUR,-2,"88,0000",EUR,"880,00",EUR,"880,00",,"0,00","-1,50","878,50",93cc75f4-147e-421d-8ca8-948800b17b14
02-02-2026,09:26,ODAX P22250.00 20FEB26,DE000F28XVW7,ERX,XEUR,2,"50,0000",EUR,"-500,00",EUR,"-500,00",,"0,00","-1,50","-501,50",4c9c22b0-aae1-4f9b-b6a4-f24365e12f8e
02-02-2026,09:25,ODAX P22750.00 20FEB26,DE000F28XW32,ERX,XEUR,-2,"70,0000",EUR,"700,00",EUR,"700,00",,"0,00","-1,50","698,50",78f51dea-f6bb-4943-af16-db5c6706afd6
02-02-2026,09:24,ODAX P23500.00 20FEB26,DE000F28XYU5,ERX,XEUR,2,"138,0000",EUR,"-1380,00",EUR,"-1380,00",,"0,00","-1,50","-1381,50",29fc6333-d885-463c-89f2-6fb56fb97075
29-01-2026,14:44,SAP C176.00 20FEB26,DE000F2805U4,ERX,XEUR,1,"1,6100",EUR,"-161,00",EUR,"-161,00",,"0,00","-0,75","-161,75",e41a8e48-da87-48e3-91a9-112e00e5e939
23-01-2026,14:38,ODAX P23500.00 20FEB26,DE000F28XYU5,ERX,XEUR,-1,"86,5000",EUR,"432,50",EUR,"432,50",,"0,00","-0,75","431,75",a2e16b44-efb2-430c-8b70-dcb9b7da1884
23-01-2026,14:37,ODAX P22750.00 20FEB26,DE000F28XW32,ERX,XEUR,1,"47,0000",EUR,"-235,00",EUR,"-235,00",,"0,00","-0,75","-235,75",d28ffd79-3416-4587-8fe5-a156229c75ca
22-01-2026,14:13,ODAX P22750.00 20FEB26,DE000F28XW32,ERX,XEUR,-1,"47,5000",EUR,"237,50",EUR,"237,50",,"0,00","-0,75","236,75",b9518d0a-f264-4e94-8ba6-c7a7d99769da
22-01-2026,14:11,ODAX P23500.00 20FEB26,DE000F28XYU5,ERX,XEUR,1,"90,5000",EUR,"-452,50",EUR,"-452,50",,"0,00","-0,75","-453,25",b47d03d9-b19a-40ca-92d3-fa0808a4a676
22-01-2026,13:57,ODAX P24500.00 20MAR26,DE000F1YWQ99,ERX,XEUR,-1,"414,0000",EUR,"2070,00",EUR,"2070,00",,"0,00","-0,75","2069,25",f4ee3874-090d-4186-b64f-98a4cd177c07
22-01-2026,13:56,ODAX P23500.00 20MAR26,DE000F1WN4Y2,ERX,XEUR,1,"200,0000",EUR,"-1000,00",EUR,"-1000,00",,"0,00","-0,75","-1000,75",6cb83ce3-5d9b-4afc-9026-b384d7f2a4e3
22-01-2026,13:49,ODAX P20500.00 20MAR26,DE000F1PS5J4,ERX,XEUR,-1,"40,0000",EUR,"200,00",EUR,"200,00",,"0,00","-0,75","199,25",783e3757-e976-4dd7-81ac-69dc63121ef8
22-01-2026,13:48,ODAX P21500.00 20MAR26,DE000F1S9NN9,ERX,XEUR,1,"61,5000",EUR,"-307,50",EUR,"-307,50",,"0,00","-0,75","-308,25",5999ac49-5749-484f-bf91-74981a1ca3cf
22-01-2026,11:55,ODAX P19000.00 20FEB26,DE000F3AHTL9,ERX,XEUR,-1,"8,0000",EUR,"40,00",EUR,"40,00",,"0,00","-0,75","39,25",f656f6cc-c237-4d40-ab57-e7cbba587251
22-01-2026,11:54,ODAX P19600.00 20FEB26,DE000F3AHTS4,ERX,XEUR,1,"10,5000",EUR,"-52,50",EUR,"-52,50",,"0,00","-0,75","-53,25",1862eee9-4d0f-4ba6-905c-7f0a5db55a57
22-01-2026,11:43,ODAX P23500.00 20MAR26,DE000F1WN4Y2,ERX,XEUR,-1,"197,0000",EUR,"985,00",EUR,"985,00",,"0,00","-0,75","984,25",8bdaf929-a7fb-48a2-9de2-2327a2587c98
22-01-2026,11:42,ODAX P24500.00 20MAR26,DE000F1YWQ99,ERX,XEUR,1,"412,0000",EUR,"-2060,00",EUR,"-2060,00",,"0,00","-0,75","-2060,75",4e86dc2e-73e4-46a5-ac4e-3adcb5928ca5
21-01-2026,15:51,ODAX P24500.00 20MAR26,DE000F1YWQ99,ERX,XEUR,-1,"570,0000",EUR,"2850,00",EUR,"2850,00",,"0,00","-0,75","2849,25",b0da56a0-a406-4937-a26d-ee4b3e622ace
21-01-2026,15:50,ODAX P23500.00 20MAR26,DE000F1WN4Y2,ERX,XEUR,1,"295,0000",EUR,"-1475,00",EUR,"-1475,00",,"0,00","-0,75","-1475,75",3d7d0fbd-a55d-478e-b79c-083b66c5af61
21-01-2026,15:09,ODAX P23500.00 20FEB26,DE000F28XYU5,ERX,XEUR,-1,"195,0000",EUR,"975,00",EUR,"975,00",,"0,00","-0,75","974,25",983aeca3-68d8-4ae9-933c-a3f45f4156d2
21-01-2026,15:05,ODAX4 C24600.00 23JAN26,DE000F3BLT94,ERX,XEUR,1,"82,0000",EUR,"-410,00",EUR,"-410,00",,"0,00","-0,75","-410,75",5a9bd338-97aa-45bf-b9a8-6f5302c8dc43
21-01-2026,14:56,ODAX4 C24600.00 23JAN26,DE000F3BLT94,ERX,XEUR,-1,"68,0000",EUR,"340,00",EUR,"340,00",,"0,00","-0,75","339,25",5235a2b0-f771-4bb4-b5dc-abc6c35c6f8b
21-01-2026,14:51,ODAX4 C24600.00 23JAN26,DE000F3BLT94,ERX,XEUR,-1,"58,0000",EUR,"290,00",EUR,"290,00",,"0,00","-0,75","289,25",925a6b02-5c6d-492f-a4c6-d97eb9a6d6c7
21-01-2026,13:44,ODAX4 C24600.00 23JAN26,DE000F3BLT94,ERX,XEUR,2,"73,0000",EUR,"-730,00",EUR,"-730,00",,"0,00","-1,50","-731,50",04d7b78e-eed7-42ec-a620-0e21892e163a
21-01-2026,13:43,ODAX4 C24600.00 23JAN26,DE000F3BLT94,ERX,XEUR,-1,"72,0000",EUR,"360,00",EUR,"360,00",,"0,00","-0,75","359,25",851d6a1c-5799-471e-8390-6d558e8e12b2
21-01-2026,13:43,ODAX P23500.00 20FEB26,DE000F28XYU5,ERX,XEUR,1,"217,0000",EUR,"-1085,00",EUR,"-1085,00",,"0,00","-0,75","-1085,75",ac7a4e7e-c996-43d4-8758-37d7216b226c
20-01-2026,12:55,ODAX4 C25100.00 23JAN26,DE000F3BLUV6,ERX,XEUR,-1,"18,0000",EUR,"90,00",EUR,"90,00",,"0,00","-0,75","89,25",4a442177-fc72-406a-b2a2-539b4b1039c1
20-01-2026,11:02,ODAX4 C25100.00 23JAN26,DE000F3BLUV6,ERX,XEUR,1,"21,0000",EUR,"-105,00",EUR,"-105,00",,"0,00","-0,75","-105,75",3face287-fa5c-477a-9bb8-a8749af9fe36
19-01-2026,15:22,ODAX P23500.00 20MAR26,DE000F1WN4Y2,ERX,XEUR,-1,"240,0000",EUR,"1200,00",EUR,"1200,00",,"0,00","-0,75","1199,25",8f0994fd-f186-422b-8154-d936dd5b7efc
19-01-2026,15:17,ODAX P22200.00 20MAR26,DE000F1NG0H5,ERX,XEUR,1,"118,5000",EUR,"-592,50",EUR,"-592,50",,"0,00","-0,75","-593,25",f487b895-cce8-4361-9321-82c5fe339707
19-01-2026,15:03,ODAX P22200.00 20MAR26,DE000F1NG0H5,ERX,XEUR,-1,"113,5000",EUR,"567,50",EUR,"567,50",,"0,00","-0,75","566,75",2c3f735d-04db-4682-beb2-70dfece80bf9
19-01-2026,15:01,ODAX P22500.00 20MAR26,DE000F1VU7P5,ERX,XEUR,1,"131,0000",EUR,"-655,00",EUR,"-655,00",,"0,00","-0,75","-655,75",e9128ab8-9b23-41b7-ab17-68eaf0c473d6
19-01-2026,14:05,ODAX P21000.00 20MAR26,DE000F1F3U61,ERX,XEUR,-1,"66,0000",EUR,"330,00",EUR,"330,00",,"0,00","-0,75","329,25",0a056c0f-b2ef-4d5b-a81f-d0d7cfb1c1a4
19-01-2026,13:55,ODAX P21500.00 20MAR26,DE000F1S9NN9,ERX,XEUR,-1,"83,0000",EUR,"415,00",EUR,"415,00",,"0,00","-0,75","414,25",38d7de81-cb85-4669-bc7f-c0b2608cd366
19-01-2026,13:51,ODAX P20500.00 20MAR26,DE000F1PS5J4,ERX,XEUR,2,"55,5000",EUR,"-555,00",EUR,"-555,00",,"0,00","-1,50","-556,50",7d259d6a-9cd4-45f9-877c-6524795528fc
19-01-2026,13:45,ODAX P23500.00 20MAR26,DE000F1WN4Y2,ERX,XEUR,-1,"236,0000",EUR,"1180,00",EUR,"1180,00",,"0,00","-0,75","1179,25",c512ed07-960d-4956-959c-0341a5b46ee0
19-01-2026,13:44,ODAX P24500.00 20MAR26,DE000F1YWQ99,ERX,XEUR,1,"438,0000",EUR,"-2190,00",EUR,"-2190,00",,"0,00","-0,75","-2190,75",287af1ad-c011-4496-a539-2fd6b6371072
19-01-2026,10:27,ODAX P23500.00 20FEB26,DE000F28XYU5,ERX,XEUR,-1,"127,0000",EUR,"635,00",EUR,"635,00",,"0,00","-0,75","634,25",3a17b38e-0162-486b-960a-07deea5d87ff
19-01-2026,10:25,ODAX P23000.00 20FEB26,DE000F28XXP7,ERX,XEUR,1,"88,5000",EUR,"-442,50",EUR,"-442,50",,"0,00","-0,75","-443,25",b5e35a17-adde-4b5a-a9aa-1a689f8d5a27
19-01-2026,10:17,ODAX P19000.00 20FEB26,DE000F3AHTL9,ERX,XEUR,-1,"12,0000",EUR,"60,00",EUR,"60,00",,"0,00","-0,75","59,25",ac61cfd1-7cea-49d1-829c-ea194145ea02
19-01-2026,10:16,ODAX P22250.00 20FEB26,DE000F28XVW7,ERX,XEUR,1,"51,5000",EUR,"-257,50",EUR,"-257,50",,"0,00","-0,75","-258,25",109c6f18-311b-45c4-b351-68a56f1e4e15
19-01-2026,10:00,ODAX P19000.00 20FEB26,DE000F3AHTL9,ERX,XEUR,-1,"12,5000",EUR,"62,50",EUR,"62,50",,"0,00","-0,75","61,75",5dfd489e-b6e1-4248-bb98-e3901f44bc52
19-01-2026,09:49,ODAX P19000.00 20FEB26,DE000F3AHTL9,ERX,XEUR,2,"13,2000",EUR,"-132,00",EUR,"-132,00",,"0,00","-1,50","-133,50",c2dbc420-a6b5-4065-8457-df2669c7e5b8
16-01-2026,14:27,ODAX P23250.00 16JAN26,DE000F234SF1,ERX,,2,"0,0000",EUR,"0,00",EUR,"0,00",,"0,00",,"0,00",
16-01-2026,14:27,ODAX P23500.00 16JAN26,DE000F234S11,ERX,,1,"0,0000",EUR,"0,00",EUR,"0,00",,"0,00",,"0,00",
16-01-2026,14:27,ODAX P22750.00 16JAN26,DE000F234Q13,ERX,,-3,"0,0000",EUR,"0,00",EUR,"0,00",,"0,00",,"0,00",
16-01-2026,14:27,ODAX P22250.00 16JAN26,DE000F234PD2,ERX,,-2,"0,0000",EUR,"0,00",EUR,"0,00",,"0,00",,"0,00",
16-01-2026,12:38,ODAX P25300.00 16JAN26,DE000F234XD6,ERX,XEUR,-1,"15,0000",EUR,"75,00",EUR,"75,00",,"0,00","-0,75","74,25",2e14eeb8-3759-4c6f-a406-909d94bbfe4f
16-01-2026,11:17,ODAX P25300.00 16JAN26,DE000F234XD6,ERX,XEUR,1,"14,5000",EUR,"-72,50",EUR,"-72,50",,"0,00","-0,75","-73,25",88c11daf-9ed4-4f0f-b209-2233a9286b03
14-01-2026,15:45,ODAX P23500.00 20FEB26,DE000F28XYU5,ERX,XEUR,-1,"90,0000",EUR,"450,00",EUR,"450,00",,"0,00","-0,75","449,25",7eee0acc-1120-4572-8547-8a6dbd17760c
14-01-2026,15:45,ODAX P23000.00 20FEB26,DE000F28XXP7,ERX,XEUR,1,"64,0000",EUR,"-320,00",EUR,"-320,00",,"0,00","-0,75","-320,75",4642f3dc-09dd-4dfb-961d-8da95d5394a5
14-01-2026,14:05,ODAX P22500.00 16JAN26,DE000F234P55,ERX,XEUR,1,"0,4000",EUR,"-2,00",EUR,"-2,00",,"0,00","-0,75","-2,75",8c905506-2929-417c-a55a-edffcdfcc728
14-01-2026,13:25,ODAX P21500.00 20MAR26,DE000F1S9NN9,ERX,XEUR,-1,"71,5000",EUR,"357,50",EUR,"357,50",,"0,00","-0,75","356,75",457d09cc-8ef5-4742-b33e-6355aaccf924
14-01-2026,13:25,ODAX P20500.00 20MAR26,DE000F1PS5J4,ERX,XEUR,1,"50,0000",EUR,"-250,00",EUR,"-250,00",,"0,00","-0,75","-250,75",32471934-a545-4240-aef2-e788cbdb7289
13-01-2026,15:11,ODAX4 P25200.00 23JAN26,DE000F3BLU00,ERX,XEUR,-1,"86,0000",EUR,"430,00",EUR,"430,00",,"0,00","-0,75","429,25",a1e8b3fa-1a38-48db-b037-be0a0444fdb5
13-01-2026,14:23,ODAX4 P25200.00 23JAN26,DE000F3BLU00,ERX,XEUR,1,"105,0000",EUR,"-525,00",EUR,"-525,00",,"0,00","-0,75","-525,75",c96ead6e-074e-4cb5-958d-731f6fe0b756
13-01-2026,11:56,ODAX P22250.00 20FEB26,DE000F28XVW7,ERX,XEUR,-1,"33,5000",EUR,"167,50",EUR,"167,50",,"0,00","-0,75","166,75",868e9eb2-9aa7-46a9-9b09-e6f56d58c125
13-01-2026,11:56,ODAX P19600.00 20FEB26,DE000F3AHTS4,ERX,XEUR,1,"11,0000",EUR,"-55,00",EUR,"-55,00",,"0,00","-0,75","-55,75",31ae92f7-43c0-4805-be2d-3dfa0371474c
13-01-2026,11:53,ODAX P24000.00 20FEB26,DE000F28XZ13,ERX,XEUR,-1,"113,0000",EUR,"565,00",EUR,"565,00",,"0,00","-0,75","564,25",7db42aab-e019-4024-b166-39510ebce167
13-01-2026,11:53,ODAX P24250.00 20FEB26,DE000F28X0N8,ERX,XEUR,1,"142,0000",EUR,"-710,00",EUR,"-710,00",,"0,00","-0,75","-710,75",185d21aa-9e80-4336-9a69-df73de0ab260
12-01-2026,13:56,ODAX P25300.00 16JAN26,DE000F234XD6,ERX,XEUR,-1,"100,0000",EUR,"500,00",EUR,"500,00",,"0,00","-0,75","499,25",71f1f292-671f-4e75-b998-0108f0d96464
12-01-2026,13:20,ODAX P25300.00 16JAN26,DE000F234XD6,ERX,XEUR,1,"110,0000",EUR,"-550,00",EUR,"-550,00",,"0,00","-0,75","-550,75",cff7e87c-5ba2-412e-8018-56e830423c84
12-01-2026,13:19,ODAX P25000.00 16JAN26,DE000F234WP2,ERX,XEUR,-1,"38,5000",EUR,"192,50",EUR,"192,50",,"0,00","-0,75","191,75",10ea728b-c101-4411-a377-c693ec05eaa1
12-01-2026,13:19,ODAX P25200.00 16JAN26,DE000F234W56,ERX,XEUR,-1,"77,0000",EUR,"385,00",EUR,"385,00",,"0,00","-0,75","384,25",b2687ea6-a8ea-46c3-bd1e-eb4fd2499f96
12-01-2026,13:10,ODAX P25100.00 16JAN26,DE000F234WX6,ERX,XEUR,1,"55,5000",EUR,"-277,50",EUR,"-277,50",,"0,00","-0,75","-278,25",b93c3004-8f0a-4a14-8579-35e18d9900b5
12-01-2026,12:10,ODAX P25200.00 16JAN26,DE000F234W56,ERX,XEUR,1,"97,0000",EUR,"-485,00",EUR,"-485,00",,"0,00","-0,75","-485,75",e0b2c9f1-eb0f-49a2-89c4-b62d623226a6
12-01-2026,12:09,ODAX P25100.00 16JAN26,DE000F234WX6,ERX,XEUR,-1,"69,0000",EUR,"345,00",EUR,"345,00",,"0,00","-0,75","344,25",6fcf100d-c315-4263-8dfe-8a65096d3125
12-01-2026,11:49,ODAX P24700.00 16JAN26,DE000F234VZ3,ERX,XEUR,1,"17,0000",EUR,"-85,00",EUR,"-85,00",,"0,00","-0,75","-85,75",aa12401f-fdd9-4087-9d17-a5639dd00443
12-01-2026,11:15,ODAX P24700.00 16JAN26,DE000F234VZ3,ERX,XEUR,-1,"20,0000",EUR,"100,00",EUR,"100,00",,"0,00","-0,75","99,25",10503d8f-deed-4ad3-b49d-e52a952ff7a9
12-01-2026,11:14,ODAX P25000.00 16JAN26,DE000F234WP2,ERX,XEUR,1,"58,5000",EUR,"-292,50",EUR,"-292,50",,"0,00","-0,75","-293,25",34fe8909-52bc-45bb-bf32-deede201b61b
08-01-2026,13:36,ODAX P24800.00 16JAN26,DE000F234V73,ERX,XEUR,-1,"97,0000",EUR,"485,00",EUR,"485,00",,"0,00","-0,75","484,25",ba33ef07-0e67-4496-aa45-ae7763491853
08-01-2026,13:34,ODAX P24800.00 16JAN26,DE000F234V73,ERX,XEUR,-1,"98,0000",EUR,"490,00",EUR,"490,00",,"0,00","-0,75","489,25",1c978c1e-89a6-4a45-89b8-e918fffea038
08-01-2026,13:33,ODAX P25000.00 16JAN26,DE000F234WP2,ERX,XEUR,1,"160,0000",EUR,"-800,00",EUR,"-800,00",,"0,00","-0,75","-800,75",8d8a10ac-d68f-404c-8d84-2aa37b3c686d
08-01-2026,09:25,ODAX P25000.00 16JAN26,DE000F234WP2,ERX,XEUR,-1,"120,0000",EUR,"600,00",EUR,"600,00",,"0,00","-0,75","599,25",c79ccbd9-1a1e-415f-bcf4-a5b3af878922
08-01-2026,09:19,ODAX P24800.00 16JAN26,DE000F234V73,ERX,XEUR,1,"69,0000",EUR,"-345,00",EUR,"-345,00",,"0,00","-0,75","-345,75",a8f6140b-f7ea-4c31-87a4-8f3c0942d30f
07-01-2026,14:12,ODAX P24800.00 16JAN26,DE000F234V73,ERX,XEUR,1,"99,5000",EUR,"-497,50",EUR,"-497,50",,"0,00","-0,75","-498,25",807f0949-36bd-49aa-84be-d94eb36c34a9
07-01-2026,11:29,ODAX P22750.00 20FEB26,DE000F28XW32,ERX,XEUR,-2,"60,0000",EUR,"600,00",EUR,"600,00",,"0,00","-1,50","598,50",8fbe1f83-9995-47ba-997a-f0f508eba954
07-01-2026,11:28,ODAX P22250.00 20FEB26,DE000F28XVW7,ERX,XEUR,2,"43,5000",EUR,"-435,00",EUR,"-435,00",,"0,00","-1,50","-436,50",feb84416-612e-4c4a-b3dd-86a02a4e54ee
07-01-2026,11:19,ODAX P24600.00 16JAN26,DE000F234VM1,ERX,XEUR,-1,"58,5000",EUR,"292,50",EUR,"292,50",,"0,00","-0,75","291,75",a712a4b1-3755-43ca-b989-fa2ef0e30fb1
07-01-2026,09:27,ODAX P24200.00 16JAN26,DE000F234UP6,ERX,XEUR,1,"26,5000",EUR,"-132,50",EUR,"-132,50",,"0,00","-0,75","-133,25",def1418f-bfd8-463e-bad9-a2771b9cded8
07-01-2026,09:20,ODAX P22750.00 16JAN26,DE000F234Q13,ERX,XEUR,1,"3,2000",EUR,"-16,00",EUR,"-16,00",,"0,00","-0,75","-16,75",199de5de-4af5-4037-88f9-c06f3aec1c22
07-01-2026,09:19,ODAX P19000.00 20FEB26,DE000F3AHTL9,ERX,XEUR,1,"7,8000",EUR,"-39,00",EUR,"-39,00",,"0,00","-0,75","-39,75",e435ec12-c2c7-43c1-96d0-d2f2236600a5
06-01-2026,16:32,ODAX P24200.00 16JAN26,DE000F234UP6,ERX,XEUR,-1,"34,5000",EUR,"172,50",EUR,"172,50",,"0,00","-0,75","171,75",ef4e0e59-fe13-4c6e-a8e8-ab6e49963818
06-01-2026,14:00,ODAX P24600.00 16JAN26,DE000F234VM1,ERX,XEUR,1,"82,0000",EUR,"-410,00",EUR,"-410,00",,"0,00","-0,75","-410,75",4931bf7c-8840-4d63-af2a-1fef35162a48
06-01-2026,13:49,ODAX P24500.00 16JAN26,DE000F234VD0,ERX,XEUR,-1,"63,0000",EUR,"315,00",EUR,"315,00",,"0,00","-0,75","314,25",bb7063a5-ca5e-4e7c-beeb-fabc478a947b
06-01-2026,13:48,ODAX P19000.00 20FEB26,DE000F3AHTL9,ERX,XEUR,1,"8,6000",EUR,"-43,00",EUR,"-43,00",,"0,00","-0,75","-43,75",66aeec1b-3364-4369-9eb7-c75ade620260
06-01-2026,09:47,ODAX P24200.00 16JAN26,DE000F234UP6,ERX,XEUR,-1,"40,0000",EUR,"200,00",EUR,"200,00",,"0,00","-0,75","199,25",582eae71-0877-450a-8e15-7999f9cce9ad
06-01-2026,09:46,ODAX P24500.00 16JAN26,DE000F234VD0,ERX,XEUR,1,"84,0000",EUR,"-420,00",EUR,"-420,00",,"0,00","-0,75","-420,75",c1e8683e-1d98-4552-abdd-44f9e4405f43
05-01-2026,13:44,ODAX P19000.00 20FEB26,DE000F3AHTL9,ERX,XEUR,-1,"9,5000",EUR,"47,50",EUR,"47,50",,"0,00","-0,75","46,75",ccef1be2-0235-4dc2-b705-3007942a04da
05-01-2026,13:42,ODAX P20000.00 20FEB26,DE000F3AHTW6,ERX,XEUR,-2,"15,5000",EUR,"155,00",EUR,"155,00",,"0,00","-1,50","153,50",d39e80ba-4e13-4137-87ce-8d2b4b57a500
05-01-2026,13:40,ODAX P24000.00 16JAN26,DE000F234T77,ERX,XEUR,1,"48,5000",EUR,"-242,50",EUR,"-242,50",,"0,00","-0,75","-243,25",f6c09c08-1475-490a-bfc0-73abece11e49
05-01-2026,13:32,ODAX P21000.00 16JAN26,DE000F25AYC7,ERX,XEUR,-2,"1,9000",EUR,"19,00",EUR,"19,00",,"0,00","-1,50","17,50",d83cfddc-486c-4ef0-b371-299b6d79b671
05-01-2026,13:31,ODAX P21500.00 16JAN26,DE000F234LT7,ERX,XEUR,2,"2,7000",EUR,"-27,00",EUR,"-27,00",,"0,00","-1,50","-28,50",734e533c-1d08-488c-95ca-647a38e223f0
05-01-2026,10:50,ODAX P19600.00 20FEB26,DE000F3AHTS4,ERX,XEUR,-1,"13,3000",EUR,"66,50",EUR,"66,50",,"0,00","-0,75","65,75",c28f2575-fe37-46ed-8c4c-37c399eb8097
05-01-2026,10:48,ODAX P18800.00 20FEB26,DE000F3AHTJ3,ERX,XEUR,1,"9,6000",EUR,"-48,00",EUR,"-48,00",,"0,00","-0,75","-48,75",7c7d2937-f3bf-40c4-9304-02b0f4ca4933
05-01-2026,10:42,ODAX P20500.00 20FEB26,DE000F3AAY91,ERX,XEUR,-1,"20,3000",EUR,"101,50",EUR,"101,50",,"0,00","-0,75","100,75",63d403ea-713a-49fd-be3c-20cbc19d296f
05-01-2026,10:42,ODAX P19800.00 20FEB26,DE000F3AHTU0,ERX,XEUR,1,"15,0000",EUR,"-75,00",EUR,"-75,00",,"0,00","-0,75","-75,75",848b199e-1a89-4462-9b86-ac0e7a3d79d6
02-01-2026,10:19,ODAX P23500.00 16JAN26,DE000F234S11,ERX,XEUR,-1,"27,0000",EUR,"135,00",EUR,"135,00",,"0,00","-0,75","134,25",18d8e04c-8cb1-4c5e-b465-2a93b77235a4
02-01-2026,10:18,ODAX P22500.00 16JAN26,DE000F234P55,ERX,XEUR,1,"8,8000",EUR,"-44,00",EUR,"-44,00",,"0,00","-0,75","-44,75",624d6298-b6d2-43f6-91bb-58f81f433f64
